firstName,lastName,username,email,groupName,groupCategory,filter
Renard,Plevin,rplevin0,rplevin0@liteengineering.nl,project-1209,Provincie Noord-Holland,Netherlands
Christian,Hurdwell,churdwell1,churdwell1@liteengineering.nl,project-2334,Provincie Zuid-Holland,Netherlands
Dean,Skerme,dskerme2,dskerme2@liteengineering.nl,project-2989,Provincie Zuid-Holland,Netherlands
Wyndham,Larmet,wlarmet3,wlarmet3@liteengineering.nl,project-1804,Provincie Noord-Holland,Netherlands
Rudolfo,Bruford,rbruford4,rbruford4@liteengineering.nl,project-2334,Provincie Zuid-Holland,Netherlands
Doy,Ratcliff,dratcliff5,dratcliff5@liteengineering.nl,project-1039,Provincie Noord-Holland,Netherlands
Ainslee,Evered,aevered6,aevered6@liteengineering.nl,project-2989,Provincie Zuid-Holland,Netherlands
Brion,Charpling,bcharpling7,bcharpling7@liteengineering.nl,project-2329,Provincie Zuid-Holland,Netherlands
Jonathan,Deery,jdeery8,jdeery8@liteengineering.nl,project-1814,Provincie Noord-Holland,Netherlands
Benedick,Bastone,bbastone9,bbastone9@liteengineering.nl,project-1404,Provincie Noord-Holland,Netherlands
Chiarra,Triplett,ctripletta,ctripletta@liteengineering.nl,project-3104,Provincie Zuid-Holland,Netherlands
Dorrie,Crathorne,dcrathorneb,dcrathorneb@liteengineering.nl,project-1819,Provincie Noord-Holland,Netherlands
Mahmoud,Puddefoot,mpuddefootc,mpuddefootc@liteengineering.nl,project-3309,Provincie Zuid-Holland,Netherlands
Kimbra,Dreghorn,kdreghornd,kdreghornd@liteengineering.nl,project-2228,Provincie Zuid-Holland,Netherlands
Perry,McAleese,pmcaleesee,pmcaleesee@liteengineering.nl,project-3094,Provincie Zuid-Holland,Netherlands
Grady,Worlock,gworlockf,gworlockf@liteengineering.nl,project-2104,Provincie Noord-Holland,Netherlands
Leslie,Shambroke,lshambrokeg,lshambrokeg@liteengineering.nl,project-2104,Provincie Noord-Holland,Netherlands
Katine,Wegener,kwegenerh,kwegenerh@liteengineering.nl,project-2578,Provincie Zuid-Holland,Netherlands
Teriann,Vobes,tvobesi,tvobesi@liteengineering.nl,project-1974,Provincie Noord-Holland,Netherlands
Melicent,Khan,mkhanj,mkhanj@liteengineering.nl,project-3004,Provincie Zuid-Holland,Netherlands
Vasily,Lockhurst,vlockhurstk,vlockhurstk@liteengineering.nl,project-2104,Provincie Noord-Holland,Netherlands
Rochester,Casey,rcaseyl,rcaseyl@liteengineering.nl,project-1019,Provincie Noord-Holland,Netherlands
Fay,Diviney,fdivineym,fdivineym@liteengineering.nl,project-2924,Provincie Zuid-Holland,Netherlands
Carry,Kynton,ckyntonn,ckyntonn@liteengineering.nl,project-3324,Provincie Zuid-Holland,Netherlands
Hillie,Gawthorp,hgawthorpo,hgawthorpo@liteengineering.nl,project-3109,Provincie Zuid-Holland,Netherlands
Anabal,Bourdis,abourdisp,abourdisp@liteengineering.nl,project-3009,Provincie Zuid-Holland,Netherlands
Nina,Woakes,nwoakesq,nwoakesq@liteengineering.nl,project-1069,Provincie Noord-Holland,Netherlands
Ulises,Spinello,uspinellor,uspinellor@liteengineering.nl,project-2720,Provincie Zuid-Holland,Netherlands
Arnie,Keattch,akeattchs,akeattchs@liteengineering.nl,project-1079,Provincie Noord-Holland,Netherlands
Abbey,Diver,adivert,adivert@liteengineering.nl,project-1404,Provincie Noord-Holland,Netherlands
Umberto,Fumagalli,ufumagalliu,ufumagalliu@liteengineering.nl,project-2924,Provincie Zuid-Holland,Netherlands
Nissy,Geake,ngeakev,ngeakev@liteengineering.nl,project-1404,Provincie Noord-Holland,Netherlands
Karie,de'-Ancy Willis,kdeancywillisw,kdeancywillisw@liteengineering.nl,project-2019,Provincie Noord-Holland,Netherlands
Lothario,Huffy,lhuffyx,lhuffyx@liteengineering.nl,project-2720,Provincie Zuid-Holland,Netherlands
Elle,Mazzeo,emazzeoy,emazzeoy@liteengineering.nl,project-2629,Provincie Zuid-Holland,Netherlands
Haroun,Godwyn,hgodwynz,hgodwynz@liteengineering.nl,project-2309,Provincie Zuid-Holland,Netherlands
Kurtis,Migheli,kmigheli10,kmigheli10@liteengineering.nl,project-3224,Provincie Zuid-Holland,Netherlands
Fredric,Fulford,ffulford11,ffulford11@liteengineering.nl,project-3104,Provincie Zuid-Holland,Netherlands
Araldo,Stanfield,astanfield12,astanfield12@liteengineering.nl,project-1624,Provincie Noord-Holland,Netherlands
Virgil,Tomasutti,vtomasutti13,vtomasutti13@liteengineering.nl,project-2304,Provincie Zuid-Holland,Netherlands
Pate,Oke,poke14,poke14@liteengineering.nl,project-3309,Provincie Zuid-Holland,Netherlands
Arnoldo,Greguoli,agreguoli15,agreguoli15@liteengineering.nl,project-1944,Provincie Noord-Holland,Netherlands
Lizette,Malbon,lmalbon16,lmalbon16@liteengineering.nl,project-1079,Provincie Noord-Holland,Netherlands
Oriana,Skae,oskae17,oskae17@liteengineering.nl,project-2409,Provincie Zuid-Holland,Netherlands
Charil,Ascough,cascough18,cascough18@liteengineering.nl,project-1624,Provincie Noord-Holland,Netherlands
Bendick,Pinock,bpinock19,bpinock19@liteengineering.nl,project-2104,Provincie Noord-Holland,Netherlands
Aarika,Wogan,awogan1a,awogan1a@liteengineering.nl,project-2228,Provincie Zuid-Holland,Netherlands
Shanan,Husset,shusset1b,shusset1b@liteengineering.nl,project-2264,Provincie Zuid-Holland,Netherlands
Filia,Giannoni,fgiannoni1c,fgiannoni1c@liteengineering.nl,project-3324,Provincie Zuid-Holland,Netherlands
Rebecca,Lapree,rlapree1d,rlapree1d@liteengineering.nl,project-1504,Provincie Noord-Holland,Netherlands
Jacki,Duesberry,jduesberry1e,jduesberry1e@liteengineering.nl,project-1039,Provincie Noord-Holland,Netherlands
Lou,Quinane,lquinane1f,lquinane1f@liteengineering.nl,project-2309,Provincie Zuid-Holland,Netherlands
Kaspar,Cockran,kcockran1g,kcockran1g@liteengineering.nl,project-2720,Provincie Zuid-Holland,Netherlands
Denna,Belhomme,dbelhomme1h,dbelhomme1h@liteengineering.nl,project-2029,Provincie Noord-Holland,Netherlands
Chrissie,Flatt,cflatt1i,cflatt1i@liteengineering.nl,project-1624,Provincie Noord-Holland,Netherlands
Idalia,Tethacot,itethacot1j,itethacot1j@liteengineering.nl,project-3224,Provincie Zuid-Holland,Netherlands
Nadia,Barroux,nbarroux1k,nbarroux1k@liteengineering.nl,project-1974,Provincie Noord-Holland,Netherlands
Reg,Roggers,rroggers1l,rroggers1l@liteengineering.nl,project-3109,Provincie Zuid-Holland,Netherlands
Joelle,Mountstephen,jmountstephen1m,jmountstephen1m@liteengineering.nl,project-2334,Provincie Zuid-Holland,Netherlands
Deva,Jorg,djorg1n,djorg1n@liteengineering.nl,project-2614,Provincie Zuid-Holland,Netherlands
Juliann,Jirusek,jjirusek1o,jjirusek1o@liteengineering.nl,project-2578,Provincie Zuid-Holland,Netherlands
Alyce,Yelding,ayelding1p,ayelding1p@liteengineering.nl,project-3324,Provincie Zuid-Holland,Netherlands
Sibilla,Gierck,sgierck1q,sgierck1q@liteengineering.nl,project-1404,Provincie Noord-Holland,Netherlands
Tracie,Wrathall,twrathall1r,twrathall1r@liteengineering.nl,project-2284,Provincie Zuid-Holland,Netherlands
Tad,Althorpe,talthorpe1s,talthorpe1s@liteengineering.nl,project-2019,Provincie Noord-Holland,Netherlands
Ruddy,Denekamp,rdenekamp1t,rdenekamp1t@liteengineering.nl,project-1049,Provincie Noord-Holland,Netherlands
Jilleen,Dashper,jdashper1u,jdashper1u@liteengineering.nl,project-2624,Provincie Zuid-Holland,Netherlands
Karol,Barroux,kbarroux1v,kbarroux1v@liteengineering.nl,project-2274,Provincie Zuid-Holland,Netherlands
Joseph,Campanelli,jcampanelli1w,jcampanelli1w@liteengineering.nl,project-1819,Provincie Noord-Holland,Netherlands
Brennen,Campey,bcampey1x,bcampey1x@liteengineering.nl,project-3109,Provincie Zuid-Holland,Netherlands
Margy,Klaaasen,mklaaasen1y,mklaaasen1y@liteengineering.nl,project-2019,Provincie Noord-Holland,Netherlands
Eimile,Timperley,etimperley1z,etimperley1z@liteengineering.nl,project-1094,Provincie Noord-Holland,Netherlands
Issie,Dudin,idudin20,idudin20@liteengineering.nl,project-2720,Provincie Zuid-Holland,Netherlands
Clem,Sasser,csasser21,csasser21@liteengineering.nl,project-1509,Provincie Noord-Holland,Netherlands
Olivette,Davidov,odavidov22,odavidov22@liteengineering.nl,project-1004,Provincie Noord-Holland,Netherlands
Corri,Capnor,ccapnor23,ccapnor23@liteengineering.nl,project-1509,Provincie Noord-Holland,Netherlands
Franny,Chidwick,fchidwick24,fchidwick24@liteengineering.nl,project-2104,Provincie Noord-Holland,Netherlands
Hettie,Redholes,hredholes25,hredholes25@liteengineering.nl,project-3004,Provincie Zuid-Holland,Netherlands
Helyn,Nudds,hnudds26,hnudds26@liteengineering.nl,project-2629,Provincie Zuid-Holland,Netherlands
Maximilien,Laterza,mlaterza27,mlaterza27@liteengineering.nl,project-3009,Provincie Zuid-Holland,Netherlands
Nils,Stallworthy,nstallworthy28,nstallworthy28@liteengineering.nl,project-2924,Provincie Zuid-Holland,Netherlands
Lydon,Goodridge,lgoodridge29,lgoodridge29@liteengineering.nl,project-1209,Provincie Noord-Holland,Netherlands
Lorna,Jodlowski,ljodlowski2a,ljodlowski2a@liteengineering.nl,project-2284,Provincie Zuid-Holland,Netherlands
Alvan,Kibbe,akibbe2b,akibbe2b@liteengineering.nl,project-2264,Provincie Zuid-Holland,Netherlands
Mitzi,Ballinghall,mballinghall2c,mballinghall2c@liteengineering.nl,project-3324,Provincie Zuid-Holland,Netherlands
Myrah,Frances,mfrances2d,mfrances2d@liteengineering.nl,project-1049,Provincie Noord-Holland,Netherlands
Thomas,Stratten,tstratten2e,tstratten2e@liteengineering.nl,project-1624,Provincie Noord-Holland,Netherlands
Edd,Kell,ekell2f,ekell2f@liteengineering.nl,project-2019,Provincie Noord-Holland,Netherlands
Care,Ferrarone,cferrarone2g,cferrarone2g@liteengineering.nl,project-1049,Provincie Noord-Holland,Netherlands
Edy,Mordey,emordey2h,emordey2h@liteengineering.nl,project-3109,Provincie Zuid-Holland,Netherlands
Vivyanne,Thackham,vthackham2i,vthackham2i@liteengineering.nl,project-1039,Provincie Noord-Holland,Netherlands
Dickie,Castille,dcastille2j,dcastille2j@liteengineering.nl,project-2329,Provincie Zuid-Holland,Netherlands
Julietta,Farrall,jfarrall2k,jfarrall2k@liteengineering.nl,project-1624,Provincie Noord-Holland,Netherlands
Giovanni,Antonnikov,gantonnikov2l,gantonnikov2l@liteengineering.nl,project-1079,Provincie Noord-Holland,Netherlands
Shelia,Munkley,smunkley2m,smunkley2m@liteengineering.nl,project-1404,Provincie Noord-Holland,Netherlands
Pedro,Petrollo,ppetrollo2n,ppetrollo2n@liteengineering.nl,project-3104,Provincie Zuid-Holland,Netherlands
Ginger,Bes,gbes2o,gbes2o@liteengineering.nl,project-2104,Provincie Noord-Holland,Netherlands
Catha,Vanyukhin,cvanyukhin2p,cvanyukhin2p@liteengineering.nl,project-3004,Provincie Zuid-Holland,Netherlands
Allison,Burchall,aburchall2q,aburchall2q@liteengineering.nl,project-2614,Provincie Zuid-Holland,Netherlands
Gaven,Kubicek,gkubicek2r,gkubicek2r@liteengineering.nl,project-1974,Provincie Noord-Holland,Netherlands
Rea,Devey,rdevey2s,rdevey2s@liteengineering.nl,project-2304,Provincie Zuid-Holland,Netherlands
Aimee,Bothen,abothen2t,abothen2t@liteengineering.nl,project-2334,Provincie Zuid-Holland,Netherlands
Gabrila,Elford,gelford2u,gelford2u@liteengineering.nl,project-3324,Provincie Zuid-Holland,Netherlands
Tremain,Crothers,tcrothers2v,tcrothers2v@liteengineering.nl,project-1974,Provincie Noord-Holland,Netherlands
Maggee,Mowson,mmowson2w,mmowson2w@liteengineering.nl,project-1944,Provincie Noord-Holland,Netherlands
Illa,Pasmore,ipasmore2x,ipasmore2x@liteengineering.nl,project-2604,Provincie Zuid-Holland,Netherlands
Kitti,Toovey,ktoovey2y,ktoovey2y@liteengineering.nl,project-2309,Provincie Zuid-Holland,Netherlands
Benyamin,Rosenbaum,brosenbaum2z,brosenbaum2z@liteengineering.nl,project-2720,Provincie Zuid-Holland,Netherlands
Hillary,Checchi,hchecchi30,hchecchi30@liteengineering.nl,project-3109,Provincie Zuid-Holland,Netherlands
Thaine,Hablot,thablot31,thablot31@liteengineering.nl,project-2004,Provincie Noord-Holland,Netherlands
Barbee,Antic,bantic32,bantic32@liteengineering.nl,project-3309,Provincie Zuid-Holland,Netherlands
Angel,Chasmor,achasmor33,achasmor33@liteengineering.nl,project-2614,Provincie Zuid-Holland,Netherlands
Aubrie,Gye,agye34,agye34@liteengineering.nl,project-2409,Provincie Zuid-Holland,Netherlands
Elene,Girogetti,egirogetti35,egirogetti35@liteengineering.nl,project-1814,Provincie Noord-Holland,Netherlands
Gus,Morrell,gmorrell36,gmorrell36@liteengineering.nl,project-1004,Provincie Noord-Holland,Netherlands
Rhianna,Jedrzejewski,rjedrzejewski37,rjedrzejewski37@liteengineering.nl,project-1079,Provincie Noord-Holland,Netherlands
Sonnie,Pickett,spickett38,spickett38@liteengineering.nl,project-2924,Provincie Zuid-Holland,Netherlands
Morena,Lages,mlages39,mlages39@liteengineering.nl,project-3324,Provincie Zuid-Holland,Netherlands
Elden,Martynka,emartynka3a,emartynka3a@liteengineering.nl,project-2014,Provincie Noord-Holland,Netherlands
Inge,Avieson,iavieson3b,iavieson3b@liteengineering.nl,project-3009,Provincie Zuid-Holland,Netherlands
Kerry,Matton,kmatton3c,kmatton3c@liteengineering.nl,project-2014,Provincie Noord-Holland,Netherlands
Jada,Caras,jcaras3d,jcaras3d@liteengineering.nl,project-2014,Provincie Noord-Holland,Netherlands
Clarette,Gouny,cgouny3e,cgouny3e@liteengineering.nl,project-3009,Provincie Zuid-Holland,Netherlands
Kipper,Pickard,kpickard3f,kpickard3f@liteengineering.nl,project-1049,Provincie Noord-Holland,Netherlands
Clemmy,Frow,cfrow3g,cfrow3g@liteengineering.nl,project-1944,Provincie Noord-Holland,Netherlands
Gonzalo,Foxwell,gfoxwell3h,gfoxwell3h@liteengineering.nl,project-2989,Provincie Zuid-Holland,Netherlands
Kahaleel,Laurant,klaurant3i,klaurant3i@liteengineering.nl,project-1944,Provincie Noord-Holland,Netherlands
Kendell,Peplaw,kpeplaw3j,kpeplaw3j@liteengineering.nl,project-2309,Provincie Zuid-Holland,Netherlands
Willi,Carr,wcarr3k,wcarr3k@liteengineering.nl,project-3309,Provincie Zuid-Holland,Netherlands
Willie,Gibke,wgibke3l,wgibke3l@liteengineering.nl,project-2284,Provincie Zuid-Holland,Netherlands
Duane,Presslee,dpresslee3m,dpresslee3m@liteengineering.nl,project-2019,Provincie Noord-Holland,Netherlands
Mord,Fried,mfried3n,mfried3n@liteengineering.nl,project-3009,Provincie Zuid-Holland,Netherlands
Jeri,Matteini,jmatteini3o,jmatteini3o@liteengineering.nl,project-2578,Provincie Zuid-Holland,Netherlands
Amii,Wharmby,awharmby3p,awharmby3p@liteengineering.nl,project-1039,Provincie Noord-Holland,Netherlands
Stacy,Baptiste,sbaptiste3q,sbaptiste3q@liteengineering.nl,project-2019,Provincie Noord-Holland,Netherlands
Thornie,Gilliard,tgilliard3r,tgilliard3r@liteengineering.nl,project-1624,Provincie Noord-Holland,Netherlands
Erich,Lackinton,elackinton3s,elackinton3s@liteengineering.nl,project-1004,Provincie Noord-Holland,Netherlands
Stephanie,Winson,swinson3t,swinson3t@liteengineering.nl,project-2019,Provincie Noord-Holland,Netherlands
Patrice,Buckle,pbuckle3u,pbuckle3u@liteengineering.nl,project-1019,Provincie Noord-Holland,Netherlands
Henrietta,Jamot,hjamot3v,hjamot3v@liteengineering.nl,project-2629,Provincie Zuid-Holland,Netherlands
Gert,Belward,gbelward3w,gbelward3w@liteengineering.nl,project-3319,Provincie Zuid-Holland,Netherlands
Mario,Dochon,mdochon3x,mdochon3x@liteengineering.nl,project-2284,Provincie Zuid-Holland,Netherlands
Chelsy,Garfoot,cgarfoot3y,cgarfoot3y@liteengineering.nl,project-2274,Provincie Zuid-Holland,Netherlands
Kelly,Redsull,kredsull3z,kredsull3z@liteengineering.nl,project-1004,Provincie Noord-Holland,Netherlands
Bradford,Fitzhenry,bfitzhenry40,bfitzhenry40@liteengineering.nl,project-2720,Provincie Zuid-Holland,Netherlands
Sharon,Ilymanov,silymanov41,silymanov41@liteengineering.nl,project-1624,Provincie Noord-Holland,Netherlands
Milena,Bartosinski,mbartosinski42,mbartosinski42@liteengineering.nl,project-2629,Provincie Zuid-Holland,Netherlands
Abbey,Domm,adomm43,adomm43@liteengineering.nl,project-2004,Provincie Noord-Holland,Netherlands
Rici,Thirst,rthirst44,rthirst44@liteengineering.nl,project-2104,Provincie Noord-Holland,Netherlands
Gabbie,Denson,gdenson45,gdenson45@liteengineering.nl,project-3319,Provincie Zuid-Holland,Netherlands
Meghan,Serck,mserck46,mserck46@liteengineering.nl,project-2578,Provincie Zuid-Holland,Netherlands
Janette,Cullinan,jcullinan47,jcullinan47@liteengineering.nl,project-2334,Provincie Zuid-Holland,Netherlands
Francisco,Lockton,flockton48,flockton48@liteengineering.nl,project-1069,Provincie Noord-Holland,Netherlands
Freedman,Charsley,fcharsley49,fcharsley49@liteengineering.nl,project-1404,Provincie Noord-Holland,Netherlands
Leonora,Aleksidze,laleksidze4a,laleksidze4a@liteengineering.nl,project-1094,Provincie Noord-Holland,Netherlands
Glenine,Keems,gkeems4b,gkeems4b@liteengineering.nl,project-1804,Provincie Noord-Holland,Netherlands
Kylila,Baffin,kbaffin4c,kbaffin4c@liteengineering.nl,project-1509,Provincie Noord-Holland,Netherlands
Jamaal,Zecchinelli,jzecchinelli4d,jzecchinelli4d@liteengineering.nl,project-2304,Provincie Zuid-Holland,Netherlands
Benjie,Baldick,bbaldick4e,bbaldick4e@liteengineering.nl,project-2989,Provincie Zuid-Holland,Netherlands
Joseito,Revell,jrevell4f,jrevell4f@liteengineering.nl,project-3324,Provincie Zuid-Holland,Netherlands
Sileas,Burles,sburles4g,sburles4g@liteengineering.nl,project-1504,Provincie Noord-Holland,Netherlands
Gabriell,Martinetto,gmartinetto4h,gmartinetto4h@liteengineering.nl,project-2409,Provincie Zuid-Holland,Netherlands
Leeanne,Batter,lbatter4i,lbatter4i@liteengineering.nl,project-2264,Provincie Zuid-Holland,Netherlands
Carissa,Gloster,cgloster4j,cgloster4j@liteengineering.nl,project-1094,Provincie Noord-Holland,Netherlands
Arlen,Gilstoun,agilstoun4k,agilstoun4k@liteengineering.nl,project-1944,Provincie Noord-Holland,Netherlands
Jaine,Boarder,jboarder4l,jboarder4l@liteengineering.nl,project-1504,Provincie Noord-Holland,Netherlands
Hedda,Balog,hbalog4m,hbalog4m@liteengineering.nl,project-3094,Provincie Zuid-Holland,Netherlands
Vikki,Reisenstein,vreisenstein4n,vreisenstein4n@liteengineering.nl,project-2004,Provincie Noord-Holland,Netherlands
Garnette,Skehens,gskehens4o,gskehens4o@liteengineering.nl,project-2624,Provincie Zuid-Holland,Netherlands
Cassi,Kettel,ckettel4p,ckettel4p@liteengineering.nl,project-1404,Provincie Noord-Holland,Netherlands
Josefa,Venard,jvenard4q,jvenard4q@liteengineering.nl,project-3104,Provincie Zuid-Holland,Netherlands
Ginny,Fridaye,gfridaye4r,gfridaye4r@liteengineering.nl,project-1814,Provincie Noord-Holland,Netherlands
Niall,Mirfield,nmirfield4s,nmirfield4s@liteengineering.nl,project-2614,Provincie Zuid-Holland,Netherlands
Aguie,Sparkwill,asparkwill4t,asparkwill4t@liteengineering.nl,project-2720,Provincie Zuid-Holland,Netherlands
Harris,Rothera,hrothera4u,hrothera4u@liteengineering.nl,project-1814,Provincie Noord-Holland,Netherlands
Rafaela,Klaussen,rklaussen4v,rklaussen4v@liteengineering.nl,project-1814,Provincie Noord-Holland,Netherlands
Tris,Kubach,tkubach4w,tkubach4w@liteengineering.nl,project-1504,Provincie Noord-Holland,Netherlands
Martguerita,Wastling,mwastling4x,mwastling4x@liteengineering.nl,project-2409,Provincie Zuid-Holland,Netherlands
Lane,Campling,lcampling4y,lcampling4y@liteengineering.nl,project-2329,Provincie Zuid-Holland,Netherlands
Marni,Pleuman,mpleuman4z,mpleuman4z@liteengineering.nl,project-1404,Provincie Noord-Holland,Netherlands
Garnette,Driuzzi,gdriuzzi50,gdriuzzi50@liteengineering.nl,project-2495,Provincie Zuid-Holland,Netherlands
Carmela,MacArthur,cmacarthur51,cmacarthur51@liteengineering.nl,project-2614,Provincie Zuid-Holland,Netherlands
Marilee,Huglin,mhuglin52,mhuglin52@liteengineering.nl,project-1039,Provincie Noord-Holland,Netherlands
Denis,Hardwicke,dhardwicke53,dhardwicke53@liteengineering.nl,project-1974,Provincie Noord-Holland,Netherlands
Phyllida,Arthey,parthey54,parthey54@liteengineering.nl,project-3309,Provincie Zuid-Holland,Netherlands
Cos,Luxen,cluxen55,cluxen55@liteengineering.nl,project-3004,Provincie Zuid-Holland,Netherlands
Farand,Briamo,fbriamo56,fbriamo56@liteengineering.nl,project-2309,Provincie Zuid-Holland,Netherlands
Winonah,Bowkett,wbowkett57,wbowkett57@liteengineering.nl,project-1079,Provincie Noord-Holland,Netherlands
Alika,Tiley,atiley58,atiley58@liteengineering.nl,project-2334,Provincie Zuid-Holland,Netherlands
Alair,McMeanma,amcmeanma59,amcmeanma59@liteengineering.nl,project-2624,Provincie Zuid-Holland,Netherlands
Salem,Meagher,smeagher5a,smeagher5a@liteengineering.nl,project-3009,Provincie Zuid-Holland,Netherlands
Ashlan,Jervis,ajervis5b,ajervis5b@liteengineering.nl,project-2720,Provincie Zuid-Holland,Netherlands
Gare,Casetta,gcasetta5c,gcasetta5c@liteengineering.nl,project-2578,Provincie Zuid-Holland,Netherlands
Conny,Grant,cgrant5d,cgrant5d@liteengineering.nl,project-1819,Provincie Noord-Holland,Netherlands
Gertruda,Preddle,gpreddle5e,gpreddle5e@liteengineering.nl,project-1069,Provincie Noord-Holland,Netherlands
Jdavie,Kowal,jkowal5f,jkowal5f@liteengineering.nl,project-2720,Provincie Zuid-Holland,Netherlands
Sherilyn,Creegan,screegan5g,screegan5g@liteengineering.nl,project-1049,Provincie Noord-Holland,Netherlands
Paxon,Faltskog,pfaltskog5h,pfaltskog5h@liteengineering.nl,project-1004,Provincie Noord-Holland,Netherlands
Benni,Debney,bdebney5i,bdebney5i@liteengineering.nl,project-3009,Provincie Zuid-Holland,Netherlands
Ephrayim,Foucher,efoucher5j,efoucher5j@liteengineering.nl,project-2614,Provincie Zuid-Holland,Netherlands
Waldo,Phillp,wphillp5k,wphillp5k@liteengineering.nl,project-3309,Provincie Zuid-Holland,Netherlands
Locke,Burner,lburner5l,lburner5l@liteengineering.nl,project-3004,Provincie Zuid-Holland,Netherlands
Cristine,Dysert,cdysert5m,cdysert5m@liteengineering.nl,project-3004,Provincie Zuid-Holland,Netherlands
Konrad,Zoephel,kzoephel5n,kzoephel5n@liteengineering.nl,project-2604,Provincie Zuid-Holland,Netherlands
Joeann,Ruselin,jruselin5o,jruselin5o@liteengineering.nl,project-2004,Provincie Noord-Holland,Netherlands
Callida,McKendo,cmckendo5p,cmckendo5p@liteengineering.nl,project-2495,Provincie Zuid-Holland,Netherlands
Pammie,Licciardi,plicciardi5q,plicciardi5q@liteengineering.nl,project-1804,Provincie Noord-Holland,Netherlands
Ardys,Verrier,averrier5r,averrier5r@liteengineering.nl,project-1964,Provincie Noord-Holland,Netherlands
Davidson,Stilliard,dstilliard5s,dstilliard5s@liteengineering.nl,project-2924,Provincie Zuid-Holland,Netherlands
Diego,McMechan,dmcmechan5t,dmcmechan5t@liteengineering.nl,project-2004,Provincie Noord-Holland,Netherlands
Redd,Santostefano.,rsantostefano5u,rsantostefano5u@liteengineering.nl,project-2614,Provincie Zuid-Holland,Netherlands
Delly,Kenrick,dkenrick5v,dkenrick5v@liteengineering.nl,project-1069,Provincie Noord-Holland,Netherlands
Andy,Hearne,ahearne5w,ahearne5w@liteengineering.nl,project-1964,Provincie Noord-Holland,Netherlands
Lana,Furphy,lfurphy5x,lfurphy5x@liteengineering.nl,project-2720,Provincie Zuid-Holland,Netherlands
Abra,Sagerson,asagerson5y,asagerson5y@liteengineering.nl,project-1624,Provincie Noord-Holland,Netherlands
Kaycee,Lucken,klucken5z,klucken5z@liteengineering.nl,project-2019,Provincie Noord-Holland,Netherlands
Maxie,Load,mload60,mload60@liteengineering.nl,project-3109,Provincie Zuid-Holland,Netherlands
Kattie,Greensite,kgreensite61,kgreensite61@liteengineering.nl,project-1069,Provincie Noord-Holland,Netherlands
Henryetta,Haggar,hhaggar62,hhaggar62@liteengineering.nl,project-1964,Provincie Noord-Holland,Netherlands
Hillyer,Roxby,hroxby63,hroxby63@liteengineering.nl,project-1079,Provincie Noord-Holland,Netherlands
Ketty,Broxton,kbroxton64,kbroxton64@liteengineering.nl,project-2495,Provincie Zuid-Holland,Netherlands
Gay,Abethell,gabethell65,gabethell65@liteengineering.nl,project-2274,Provincie Zuid-Holland,Netherlands
Minna,Maasze,mmaasze66,mmaasze66@liteengineering.nl,project-2264,Provincie Zuid-Holland,Netherlands
Jeth,Schuelcke,jschuelcke67,jschuelcke67@liteengineering.nl,project-3324,Provincie Zuid-Holland,Netherlands
Engracia,Wardle,ewardle68,ewardle68@liteengineering.nl,project-3224,Provincie Zuid-Holland,Netherlands
Rolland,Kubala,rkubala69,rkubala69@liteengineering.nl,project-1404,Provincie Noord-Holland,Netherlands
Glen,Brodway,gbrodway6a,gbrodway6a@liteengineering.nl,project-2989,Provincie Zuid-Holland,Netherlands
Clemmie,Rayment,crayment6b,crayment6b@liteengineering.nl,project-3324,Provincie Zuid-Holland,Netherlands
Tod,Copeman,tcopeman6c,tcopeman6c@liteengineering.nl,project-3104,Provincie Zuid-Holland,Netherlands
Hedvig,Embra,hembra6d,hembra6d@liteengineering.nl,project-2578,Provincie Zuid-Holland,Netherlands
Shalne,Ower,sower6e,sower6e@liteengineering.nl,project-3109,Provincie Zuid-Holland,Netherlands
Lilly,Hamsher,lhamsher6f,lhamsher6f@liteengineering.nl,project-3309,Provincie Zuid-Holland,Netherlands
Kellyann,Bunhill,kbunhill6g,kbunhill6g@liteengineering.nl,project-2989,Provincie Zuid-Holland,Netherlands
Max,Teml,mteml6h,mteml6h@liteengineering.nl,project-2604,Provincie Zuid-Holland,Netherlands
Yolanda,Achurch,yachurch6i,yachurch6i@liteengineering.nl,project-3324,Provincie Zuid-Holland,Netherlands
Park,Scudamore,pscudamore6j,pscudamore6j@liteengineering.nl,project-1209,Provincie Noord-Holland,Netherlands
Kellby,Gerhardt,kgerhardt6k,kgerhardt6k@liteengineering.nl,project-1504,Provincie Noord-Holland,Netherlands
Tish,Uc,tuc6l,tuc6l@liteengineering.nl,project-1964,Provincie Noord-Holland,Netherlands
Guido,Cave,gcave6m,gcave6m@liteengineering.nl,project-1974,Provincie Noord-Holland,Netherlands
Moritz,Laverock,mlaverock6n,mlaverock6n@liteengineering.nl,project-1404,Provincie Noord-Holland,Netherlands
Bambie,Huckerby,bhuckerby6o,bhuckerby6o@liteengineering.nl,project-1509,Provincie Noord-Holland,Netherlands
Carlynne,Duesbury,cduesbury6p,cduesbury6p@liteengineering.nl,project-3309,Provincie Zuid-Holland,Netherlands
Lyn,Cleworth,lcleworth6q,lcleworth6q@liteengineering.nl,project-2604,Provincie Zuid-Holland,Netherlands
Kala,Ledford,kledford6r,kledford6r@liteengineering.nl,project-2228,Provincie Zuid-Holland,Netherlands
Candice,Croydon,ccroydon6s,ccroydon6s@liteengineering.nl,project-1624,Provincie Noord-Holland,Netherlands
Tiphany,Upcott,tupcott6t,tupcott6t@liteengineering.nl,project-1964,Provincie Noord-Holland,Netherlands
Leonanie,Kopfer,lkopfer6u,lkopfer6u@liteengineering.nl,project-1404,Provincie Noord-Holland,Netherlands
Jodi,Tremeer,jtremeer6v,jtremeer6v@liteengineering.nl,project-1404,Provincie Noord-Holland,Netherlands
Tomaso,Waren,twaren6w,twaren6w@liteengineering.nl,project-2104,Provincie Noord-Holland,Netherlands
Ardeen,Andryunin,aandryunin6x,aandryunin6x@liteengineering.nl,project-2264,Provincie Zuid-Holland,Netherlands
Sibel,De Francesco,sdefrancesco6y,sdefrancesco6y@liteengineering.nl,project-3309,Provincie Zuid-Holland,Netherlands
Rowney,Hinrichs,rhinrichs6z,rhinrichs6z@liteengineering.nl,project-1964,Provincie Noord-Holland,Netherlands
Austen,Haggart,ahaggart70,ahaggart70@liteengineering.nl,project-2604,Provincie Zuid-Holland,Netherlands
Janeva,Luttger,jluttger71,jluttger71@liteengineering.nl,project-1819,Provincie Noord-Holland,Netherlands
Rafael,Dunsleve,rdunsleve72,rdunsleve72@liteengineering.nl,project-2309,Provincie Zuid-Holland,Netherlands
Georgianna,Charge,gcharge73,gcharge73@liteengineering.nl,project-1079,Provincie Noord-Holland,Netherlands
Rafferty,Hawtry,rhawtry74,rhawtry74@liteengineering.nl,project-1509,Provincie Noord-Holland,Netherlands
Juli,Cosley,jcosley75,jcosley75@liteengineering.nl,project-2614,Provincie Zuid-Holland,Netherlands
Robinetta,Joyson,rjoyson76,rjoyson76@liteengineering.nl,project-1209,Provincie Noord-Holland,Netherlands
Addie,Dudleston,adudleston77,adudleston77@liteengineering.nl,project-1504,Provincie Noord-Holland,Netherlands
Farrand,Gland,fgland78,fgland78@liteengineering.nl,project-3104,Provincie Zuid-Holland,Netherlands
Flo,Oppery,foppery79,foppery79@liteengineering.nl,project-1094,Provincie Noord-Holland,Netherlands
Shannan,Klauber,sklauber7a,sklauber7a@liteengineering.nl,project-2329,Provincie Zuid-Holland,Netherlands
Lotta,Mathet,lmathet7b,lmathet7b@liteengineering.nl,project-1209,Provincie Noord-Holland,Netherlands
Farica,De Laspee,fdelaspee7c,fdelaspee7c@liteengineering.nl,project-2495,Provincie Zuid-Holland,Netherlands
Rolph,Jeff,rjeff7d,rjeff7d@liteengineering.nl,project-2284,Provincie Zuid-Holland,Netherlands
Susanne,Gwyn,sgwyn7e,sgwyn7e@liteengineering.nl,project-1049,Provincie Noord-Holland,Netherlands
Derward,Langfitt,dlangfitt7f,dlangfitt7f@liteengineering.nl,project-3109,Provincie Zuid-Holland,Netherlands
Marley,Rosendahl,mrosendahl7g,mrosendahl7g@liteengineering.nl,project-1504,Provincie Noord-Holland,Netherlands
Tildy,Drinkall,tdrinkall7h,tdrinkall7h@liteengineering.nl,project-2624,Provincie Zuid-Holland,Netherlands
Stillman,Ogilby,sogilby7i,sogilby7i@liteengineering.nl,project-1814,Provincie Noord-Holland,Netherlands
Alexandro,Goodlad,agoodlad7j,agoodlad7j@liteengineering.nl,project-3004,Provincie Zuid-Holland,Netherlands
Jay,Christie,jchristie7k,jchristie7k@liteengineering.nl,project-1404,Provincie Noord-Holland,Netherlands
Berthe,Just,bjust7l,bjust7l@liteengineering.nl,project-1079,Provincie Noord-Holland,Netherlands
Herold,Nice,hnice7m,hnice7m@liteengineering.nl,project-3309,Provincie Zuid-Holland,Netherlands
Barn,Halley,bhalley7n,bhalley7n@liteengineering.nl,project-1404,Provincie Noord-Holland,Netherlands
Maynard,Clows,mclows7o,mclows7o@liteengineering.nl,project-2304,Provincie Zuid-Holland,Netherlands
Jemmy,Bruneton,jbruneton7p,jbruneton7p@liteengineering.nl,project-2029,Provincie Noord-Holland,Netherlands
Mervin,Crowley,mcrowley7q,mcrowley7q@liteengineering.nl,project-2304,Provincie Zuid-Holland,Netherlands
Lanette,Dyte,ldyte7r,ldyte7r@liteengineering.nl,project-2019,Provincie Noord-Holland,Netherlands
Ellwood,Tuffrey,etuffrey7s,etuffrey7s@liteengineering.nl,project-2924,Provincie Zuid-Holland,Netherlands
Benedict,Tooze,btooze7t,btooze7t@liteengineering.nl,project-2604,Provincie Zuid-Holland,Netherlands
Neely,Sullly,nsullly7u,nsullly7u@liteengineering.nl,project-1004,Provincie Noord-Holland,Netherlands
Bette-ann,Dovidian,bdovidian7v,bdovidian7v@liteengineering.nl,project-3109,Provincie Zuid-Holland,Netherlands
Pauli,Bunclark,pbunclark7w,pbunclark7w@liteengineering.nl,project-3309,Provincie Zuid-Holland,Netherlands
Leonanie,Shilton,lshilton7x,lshilton7x@liteengineering.nl,project-1079,Provincie Noord-Holland,Netherlands
Ina,Pakes,ipakes7y,ipakes7y@liteengineering.nl,project-2329,Provincie Zuid-Holland,Netherlands
Zelda,Rogers,zrogers7z,zrogers7z@liteengineering.nl,project-1504,Provincie Noord-Holland,Netherlands
Marlena,Stoffer,mstoffer80,mstoffer80@liteengineering.nl,project-2409,Provincie Zuid-Holland,Netherlands
Ally,Breffitt,abreffitt81,abreffitt81@liteengineering.nl,project-2029,Provincie Noord-Holland,Netherlands
Colman,Cheine,ccheine82,ccheine82@liteengineering.nl,project-3309,Provincie Zuid-Holland,Netherlands
Benjy,Walsh,bwalsh83,bwalsh83@liteengineering.nl,project-2409,Provincie Zuid-Holland,Netherlands
Micheil,Stormouth,mstormouth84,mstormouth84@liteengineering.nl,project-2284,Provincie Zuid-Holland,Netherlands
Ralf,Bird,rbird85,rbird85@liteengineering.nl,project-1624,Provincie Noord-Holland,Netherlands
Mikol,Louiset,mlouiset86,mlouiset86@liteengineering.nl,project-2104,Provincie Noord-Holland,Netherlands
Karleen,Stoyell,kstoyell87,kstoyell87@liteengineering.nl,project-2019,Provincie Noord-Holland,Netherlands
Livvyy,Lamba,llamba88,llamba88@liteengineering.nl,project-2614,Provincie Zuid-Holland,Netherlands
Barbette,Bootyman,bbootyman89,bbootyman89@liteengineering.nl,project-1049,Provincie Noord-Holland,Netherlands
Jeddy,O' Finan,jofinan8a,jofinan8a@liteengineering.nl,project-3319,Provincie Zuid-Holland,Netherlands
Aguistin,Branscombe,abranscombe8b,abranscombe8b@liteengineering.nl,project-2264,Provincie Zuid-Holland,Netherlands
Olin,Warlow,owarlow8c,owarlow8c@liteengineering.nl,project-1814,Provincie Noord-Holland,Netherlands
Adena,Gemeau,agemeau8d,agemeau8d@liteengineering.nl,project-2409,Provincie Zuid-Holland,Netherlands
Tandi,Sailes,tsailes8e,tsailes8e@liteengineering.nl,project-2019,Provincie Noord-Holland,Netherlands
Reinald,Arnall,rarnall8f,rarnall8f@liteengineering.nl,project-1004,Provincie Noord-Holland,Netherlands
Frederick,Yetton,fyetton8g,fyetton8g@liteengineering.nl,project-1404,Provincie Noord-Holland,Netherlands
Eadie,Leighton,eleighton8h,eleighton8h@liteengineering.nl,project-2264,Provincie Zuid-Holland,Netherlands
Ranee,Nortcliffe,rnortcliffe8i,rnortcliffe8i@liteengineering.nl,project-2004,Provincie Noord-Holland,Netherlands
Myrilla,Antwis,mantwis8j,mantwis8j@liteengineering.nl,project-1814,Provincie Noord-Holland,Netherlands
Roy,Leggis,rleggis8k,rleggis8k@liteengineering.nl,project-2629,Provincie Zuid-Holland,Netherlands
Dorise,Snepp,dsnepp8l,dsnepp8l@liteengineering.nl,project-3324,Provincie Zuid-Holland,Netherlands
Karry,Nijssen,knijssen8m,knijssen8m@liteengineering.nl,project-3104,Provincie Zuid-Holland,Netherlands
Ki,Gaspero,kgaspero8n,kgaspero8n@liteengineering.nl,project-2624,Provincie Zuid-Holland,Netherlands
Eamon,Fieldgate,efieldgate8o,efieldgate8o@liteengineering.nl,project-2284,Provincie Zuid-Holland,Netherlands
Ann,Stammer,astammer8p,astammer8p@liteengineering.nl,project-3094,Provincie Zuid-Holland,Netherlands
Layton,Shephard,lshephard8q,lshephard8q@liteengineering.nl,project-1504,Provincie Noord-Holland,Netherlands
Janel,Ginman,jginman8r,jginman8r@liteengineering.nl,project-1079,Provincie Noord-Holland,Netherlands
Vanya,Fleg,vfleg8s,vfleg8s@liteengineering.nl,project-1819,Provincie Noord-Holland,Netherlands
Patrizius,Jardine,pjardine8t,pjardine8t@liteengineering.nl,project-2029,Provincie Noord-Holland,Netherlands
Ferdinand,Kelston,fkelston8u,fkelston8u@liteengineering.nl,project-2004,Provincie Noord-Holland,Netherlands
Leona,Ciotto,lciotto8v,lciotto8v@liteengineering.nl,project-3309,Provincie Zuid-Holland,Netherlands
Meta,Tramel,mtramel8w,mtramel8w@liteengineering.nl,project-1209,Provincie Noord-Holland,Netherlands
Cyb,Carren,ccarren8x,ccarren8x@liteengineering.nl,project-2495,Provincie Zuid-Holland,Netherlands
Nilson,Acutt,nacutt8y,nacutt8y@liteengineering.nl,project-1944,Provincie Noord-Holland,Netherlands
Elfrieda,Burder,eburder8z,eburder8z@liteengineering.nl,project-2989,Provincie Zuid-Holland,Netherlands
Hannie,Olford,holford90,holford90@liteengineering.nl,project-1069,Provincie Noord-Holland,Netherlands
Frederick,Skeemer,fskeemer91,fskeemer91@liteengineering.nl,project-2334,Provincie Zuid-Holland,Netherlands
Vale,Drohane,vdrohane92,vdrohane92@liteengineering.nl,project-2019,Provincie Noord-Holland,Netherlands
Riki,Radmore,rradmore93,rradmore93@liteengineering.nl,project-1804,Provincie Noord-Holland,Netherlands
Hobart,Beedell,hbeedell94,hbeedell94@liteengineering.nl,project-2304,Provincie Zuid-Holland,Netherlands
Garner,Bowhay,gbowhay95,gbowhay95@liteengineering.nl,project-2104,Provincie Noord-Holland,Netherlands
Nikoletta,Fairfoot,nfairfoot96,nfairfoot96@liteengineering.nl,project-2329,Provincie Zuid-Holland,Netherlands
Vanny,Ilem,vilem97,vilem97@liteengineering.nl,project-2264,Provincie Zuid-Holland,Netherlands
Dame,Batchley,dbatchley98,dbatchley98@liteengineering.nl,project-2924,Provincie Zuid-Holland,Netherlands
Abbie,Collman,acollman99,acollman99@liteengineering.nl,project-1079,Provincie Noord-Holland,Netherlands
Elberta,Littrell,elittrell9a,elittrell9a@liteengineering.nl,project-2274,Provincie Zuid-Holland,Netherlands
Ingamar,Moorman,imoorman9b,imoorman9b@liteengineering.nl,project-1039,Provincie Noord-Holland,Netherlands
Wendell,Girodon,wgirodon9c,wgirodon9c@liteengineering.nl,project-3004,Provincie Zuid-Holland,Netherlands
Jerrome,Jebb,jjebb9d,jjebb9d@liteengineering.nl,project-2989,Provincie Zuid-Holland,Netherlands
Pascal,Duesbury,pduesbury9e,pduesbury9e@liteengineering.nl,project-2578,Provincie Zuid-Holland,Netherlands
Inna,Hannaway,ihannaway9f,ihannaway9f@liteengineering.nl,project-1944,Provincie Noord-Holland,Netherlands
Orin,Lealle,olealle9g,olealle9g@liteengineering.nl,project-2720,Provincie Zuid-Holland,Netherlands
Thaxter,Burgen,tburgen9h,tburgen9h@liteengineering.nl,project-1964,Provincie Noord-Holland,Netherlands
Justinian,Greeson,jgreeson9i,jgreeson9i@liteengineering.nl,project-2924,Provincie Zuid-Holland,Netherlands
Falito,Kilgrew,fkilgrew9j,fkilgrew9j@liteengineering.nl,project-2284,Provincie Zuid-Holland,Netherlands
Matt,Aspinal,maspinal9k,maspinal9k@liteengineering.nl,project-1804,Provincie Noord-Holland,Netherlands
Winnie,Mortimer,wmortimer9l,wmortimer9l@liteengineering.nl,project-2409,Provincie Zuid-Holland,Netherlands
Carly,Swinnerton,cswinnerton9m,cswinnerton9m@liteengineering.nl,project-2720,Provincie Zuid-Holland,Netherlands
Carmelita,Tayler,ctayler9n,ctayler9n@liteengineering.nl,project-1004,Provincie Noord-Holland,Netherlands
Casi,Drews,cdrews9o,cdrews9o@liteengineering.nl,project-3004,Provincie Zuid-Holland,Netherlands
Rorke,Dreakin,rdreakin9p,rdreakin9p@liteengineering.nl,project-1404,Provincie Noord-Holland,Netherlands
Diana,Gotcher,dgotcher9q,dgotcher9q@liteengineering.nl,project-2264,Provincie Zuid-Holland,Netherlands
Norean,Crack,ncrack9r,ncrack9r@liteengineering.nl,project-2004,Provincie Noord-Holland,Netherlands
Sydney,Stanning,sstanning9s,sstanning9s@liteengineering.nl,project-2924,Provincie Zuid-Holland,Netherlands
Felisha,Winkett,fwinkett9t,fwinkett9t@liteengineering.nl,project-2284,Provincie Zuid-Holland,Netherlands
Eamon,O'Dulchonta,eodulchonta9u,eodulchonta9u@liteengineering.nl,project-3324,Provincie Zuid-Holland,Netherlands
Randie,Hoogendorp,rhoogendorp9v,rhoogendorp9v@liteengineering.nl,project-1039,Provincie Noord-Holland,Netherlands
Steffi,Brient,sbrient9w,sbrient9w@liteengineering.nl,project-3004,Provincie Zuid-Holland,Netherlands
Anet,Fenny,afenny9x,afenny9x@liteengineering.nl,project-2264,Provincie Zuid-Holland,Netherlands
Robin,Gurry,rgurry9y,rgurry9y@liteengineering.nl,project-2309,Provincie Zuid-Holland,Netherlands
Vikki,Blincko,vblincko9z,vblincko9z@liteengineering.nl,project-2334,Provincie Zuid-Holland,Netherlands
Marleah,Whitham,mwhithama0,mwhithama0@liteengineering.nl,project-3109,Provincie Zuid-Holland,Netherlands
Elita,Battersby,ebattersbya1,ebattersbya1@liteengineering.nl,project-2334,Provincie Zuid-Holland,Netherlands
Jaynell,Gorringe,jgorringea2,jgorringea2@liteengineering.nl,project-1049,Provincie Noord-Holland,Netherlands
Cynthy,Matessian,cmatessiana3,cmatessiana3@liteengineering.nl,project-2989,Provincie Zuid-Holland,Netherlands
Yvette,Jentin,yjentina4,yjentina4@liteengineering.nl,project-1624,Provincie Noord-Holland,Netherlands
Kelci,McEwen,kmcewena5,kmcewena5@liteengineering.nl,project-2228,Provincie Zuid-Holland,Netherlands
Griselda,Muzzi,gmuzzia6,gmuzzia6@liteengineering.nl,project-2228,Provincie Zuid-Holland,Netherlands
Raye,Foort,rfoorta7,rfoorta7@liteengineering.nl,project-3324,Provincie Zuid-Holland,Netherlands
Mady,Cleve,mclevea8,mclevea8@liteengineering.nl,project-1094,Provincie Noord-Holland,Netherlands
Alica,Skittles,askittlesa9,askittlesa9@liteengineering.nl,project-1819,Provincie Noord-Holland,Netherlands
Maison,Titcom,mtitcomaa,mtitcomaa@liteengineering.nl,project-2004,Provincie Noord-Holland,Netherlands
Carrol,Do,cdoab,cdoab@liteengineering.nl,project-2264,Provincie Zuid-Holland,Netherlands
Marney,Holtum,mholtumac,mholtumac@liteengineering.nl,project-2029,Provincie Noord-Holland,Netherlands
Damita,Dallaway,ddallawayad,ddallawayad@liteengineering.nl,project-1004,Provincie Noord-Holland,Netherlands
Wyatan,Brinson,wbrinsonae,wbrinsonae@liteengineering.nl,project-1019,Provincie Noord-Holland,Netherlands
Olwen,MacMenemy,omacmenemyaf,omacmenemyaf@liteengineering.nl,project-3109,Provincie Zuid-Holland,Netherlands
Trumann,Lydiard,tlydiardag,tlydiardag@liteengineering.nl,project-3104,Provincie Zuid-Holland,Netherlands
Pamela,Boneham,pbonehamah,pbonehamah@liteengineering.nl,project-1504,Provincie Noord-Holland,Netherlands
Georgeanna,Sustin,gsustinai,gsustinai@liteengineering.nl,project-2228,Provincie Zuid-Holland,Netherlands
Shem,Shoebrook,sshoebrookaj,sshoebrookaj@liteengineering.nl,project-1944,Provincie Noord-Holland,Netherlands
Brig,Stebbings,bstebbingsak,bstebbingsak@liteengineering.nl,project-2624,Provincie Zuid-Holland,Netherlands
Joby,Youell,jyouellal,jyouellal@liteengineering.nl,project-1974,Provincie Noord-Holland,Netherlands
Michel,Blasi,mblasiam,mblasiam@liteengineering.nl,project-3094,Provincie Zuid-Holland,Netherlands
Olympe,Serjent,oserjentan,oserjentan@liteengineering.nl,project-1944,Provincie Noord-Holland,Netherlands
Dierdre,Bromage,dbromageao,dbromageao@liteengineering.nl,project-2304,Provincie Zuid-Holland,Netherlands
Roldan,Stannas,rstannasap,rstannasap@liteengineering.nl,project-1504,Provincie Noord-Holland,Netherlands
Nora,Lambol,nlambolaq,nlambolaq@liteengineering.nl,project-2264,Provincie Zuid-Holland,Netherlands
Lesley,Woloschin,lwoloschinar,lwoloschinar@liteengineering.nl,project-3104,Provincie Zuid-Holland,Netherlands
Ferd,Doggart,fdoggartas,fdoggartas@liteengineering.nl,project-1624,Provincie Noord-Holland,Netherlands
Niki,Elbourne,nelbourneat,nelbourneat@liteengineering.nl,project-3319,Provincie Zuid-Holland,Netherlands
Belia,Laminman,blaminmanau,blaminmanau@liteengineering.nl,project-3009,Provincie Zuid-Holland,Netherlands
Merrill,Gonzalvo,mgonzalvoav,mgonzalvoav@liteengineering.nl,project-2409,Provincie Zuid-Holland,Netherlands
Randie,Donativo,rdonativoaw,rdonativoaw@liteengineering.nl,project-1814,Provincie Noord-Holland,Netherlands
Thatcher,Abrahamian,tabrahamianax,tabrahamianax@liteengineering.nl,project-2334,Provincie Zuid-Holland,Netherlands
Tammie,Mattusov,tmattusovay,tmattusovay@liteengineering.nl,project-1504,Provincie Noord-Holland,Netherlands
Gordie,Kobera,gkoberaaz,gkoberaaz@liteengineering.nl,project-2578,Provincie Zuid-Holland,Netherlands
Delila,Sparway,dsparwayb0,dsparwayb0@liteengineering.nl,project-2629,Provincie Zuid-Holland,Netherlands
Hester,Bill,hbillb1,hbillb1@liteengineering.nl,project-2104,Provincie Noord-Holland,Netherlands
Gaspar,Longhorne,glonghorneb2,glonghorneb2@liteengineering.nl,project-1974,Provincie Noord-Holland,Netherlands
Shauna,Trengrove,strengroveb3,strengroveb3@liteengineering.nl,project-3309,Provincie Zuid-Holland,Netherlands
Pearla,Crum,pcrumb4,pcrumb4@liteengineering.nl,project-2924,Provincie Zuid-Holland,Netherlands
Abraham,Lyons,alyonsb5,alyonsb5@liteengineering.nl,project-3104,Provincie Zuid-Holland,Netherlands
Stewart,Buret,sburetb6,sburetb6@liteengineering.nl,project-3104,Provincie Zuid-Holland,Netherlands
Nance,Capener,ncapenerb7,ncapenerb7@liteengineering.nl,project-2409,Provincie Zuid-Holland,Netherlands
Padraig,Joney,pjoneyb8,pjoneyb8@liteengineering.nl,project-3109,Provincie Zuid-Holland,Netherlands
Caty,Lenton,clentonb9,clentonb9@liteengineering.nl,project-1079,Provincie Noord-Holland,Netherlands
Melloney,Lomis,mlomisba,mlomisba@liteengineering.nl,project-2629,Provincie Zuid-Holland,Netherlands
Nicko,Colnet,ncolnetbb,ncolnetbb@liteengineering.nl,project-1624,Provincie Noord-Holland,Netherlands
Alford,McGaugie,amcgaugiebc,amcgaugiebc@liteengineering.nl,project-3224,Provincie Zuid-Holland,Netherlands
Zoe,Allsup,zallsupbd,zallsupbd@liteengineering.nl,project-3109,Provincie Zuid-Holland,Netherlands
Jessamyn,Starbuck,jstarbuckbe,jstarbuckbe@liteengineering.nl,project-2274,Provincie Zuid-Holland,Netherlands
Winnie,Mixon,wmixonbf,wmixonbf@liteengineering.nl,project-1039,Provincie Noord-Holland,Netherlands
Edeline,Salmen,esalmenbg,esalmenbg@liteengineering.nl,project-3224,Provincie Zuid-Holland,Netherlands
Bert,Bisp,bbispbh,bbispbh@liteengineering.nl,project-2284,Provincie Zuid-Holland,Netherlands
Dalis,Sabbins,dsabbinsbi,dsabbinsbi@liteengineering.nl,project-1504,Provincie Noord-Holland,Netherlands
Gare,Kelsey,gkelseybj,gkelseybj@liteengineering.nl,project-2334,Provincie Zuid-Holland,Netherlands
Brigitte,Longmore,blongmorebk,blongmorebk@liteengineering.nl,project-2014,Provincie Noord-Holland,Netherlands
Erskine,Wainer,ewainerbl,ewainerbl@liteengineering.nl,project-1504,Provincie Noord-Holland,Netherlands
Erda,D'Cruze,edcruzebm,edcruzebm@liteengineering.nl,project-1944,Provincie Noord-Holland,Netherlands
Carlee,Bowhay,cbowhaybn,cbowhaybn@liteengineering.nl,project-2029,Provincie Noord-Holland,Netherlands
Cherish,Allabush,callabushbo,callabushbo@liteengineering.nl,project-3004,Provincie Zuid-Holland,Netherlands
Hector,Lates,hlatesbp,hlatesbp@liteengineering.nl,project-1804,Provincie Noord-Holland,Netherlands
Rasia,Ife,rifebq,rifebq@liteengineering.nl,project-2304,Provincie Zuid-Holland,Netherlands
Kathlin,Mahon,kmahonbr,kmahonbr@liteengineering.nl,project-2264,Provincie Zuid-Holland,Netherlands
Richard,Kingsnode,rkingsnodebs,rkingsnodebs@liteengineering.nl,project-2019,Provincie Noord-Holland,Netherlands
Marcy,McGaugan,mmcgauganbt,mmcgauganbt@liteengineering.nl,project-2924,Provincie Zuid-Holland,Netherlands
Onfroi,Hattrick,ohattrickbu,ohattrickbu@liteengineering.nl,project-2228,Provincie Zuid-Holland,Netherlands
Derry,Tointon,dtointonbv,dtointonbv@liteengineering.nl,project-1974,Provincie Noord-Holland,Netherlands
Chastity,Mauditt,cmaudittbw,cmaudittbw@liteengineering.nl,project-1944,Provincie Noord-Holland,Netherlands
Mendel,Asser,masserbx,masserbx@liteengineering.nl,project-2304,Provincie Zuid-Holland,Netherlands
Della,Franceschi,dfranceschiby,dfranceschiby@liteengineering.nl,project-2924,Provincie Zuid-Holland,Netherlands
Jim,Kellett,jkellettbz,jkellettbz@liteengineering.nl,project-2624,Provincie Zuid-Holland,Netherlands
Bradney,Rohlfing,brohlfingc0,brohlfingc0@liteengineering.nl,project-2334,Provincie Zuid-Holland,Netherlands
Ingunna,Freen,ifreenc1,ifreenc1@liteengineering.nl,project-1049,Provincie Noord-Holland,Netherlands
Lyndy,Dobinson,ldobinsonc2,ldobinsonc2@liteengineering.nl,project-2309,Provincie Zuid-Holland,Netherlands
Rhianna,Blyden,rblydenc3,rblydenc3@liteengineering.nl,project-3319,Provincie Zuid-Holland,Netherlands
Gisele,MacAdam,gmacadamc4,gmacadamc4@liteengineering.nl,project-2495,Provincie Zuid-Holland,Netherlands
Cherilyn,Fike,cfikec5,cfikec5@liteengineering.nl,project-1964,Provincie Noord-Holland,Netherlands
Anna-maria,Joblin,ajoblinc6,ajoblinc6@liteengineering.nl,project-2629,Provincie Zuid-Holland,Netherlands
Salim,Abramsky,sabramskyc7,sabramskyc7@liteengineering.nl,project-2578,Provincie Zuid-Holland,Netherlands
Meir,Paddy,mpaddyc8,mpaddyc8@liteengineering.nl,project-2329,Provincie Zuid-Holland,Netherlands
Janek,Boggas,jboggasc9,jboggasc9@liteengineering.nl,project-1069,Provincie Noord-Holland,Netherlands
Eyde,Cornell,ecornellca,ecornellca@liteengineering.nl,project-2604,Provincie Zuid-Holland,Netherlands
Jason,Smallpiece,jsmallpiececb,jsmallpiececb@liteengineering.nl,project-2004,Provincie Noord-Holland,Netherlands
Cherianne,Jersh,cjershcc,cjershcc@liteengineering.nl,project-1624,Provincie Noord-Holland,Netherlands
Ilene,Berringer,iberringercd,iberringercd@liteengineering.nl,project-2578,Provincie Zuid-Holland,Netherlands
Justin,Santoro,jsantoroce,jsantoroce@liteengineering.nl,project-2495,Provincie Zuid-Holland,Netherlands
Sheppard,Iacomettii,siacomettiicf,siacomettiicf@liteengineering.nl,project-2495,Provincie Zuid-Holland,Netherlands
Imogene,Tarquinio,itarquiniocg,itarquiniocg@liteengineering.nl,project-1094,Provincie Noord-Holland,Netherlands
Morna,Knowlson,mknowlsonch,mknowlsonch@liteengineering.nl,project-1039,Provincie Noord-Holland,Netherlands
Shane,Noraway,snorawayci,snorawayci@liteengineering.nl,project-2409,Provincie Zuid-Holland,Netherlands
Maudie,Schruur,mschruurcj,mschruurcj@liteengineering.nl,project-1069,Provincie Noord-Holland,Netherlands
Eleanora,Sleany,esleanyck,esleanyck@liteengineering.nl,project-1504,Provincie Noord-Holland,Netherlands
Alyssa,Insworth,ainsworthcl,ainsworthcl@liteengineering.nl,project-3324,Provincie Zuid-Holland,Netherlands
Kennedy,Impy,kimpycm,kimpycm@liteengineering.nl,project-1079,Provincie Noord-Holland,Netherlands
Kerby,Juarez,kjuarezcn,kjuarezcn@liteengineering.nl,project-2624,Provincie Zuid-Holland,Netherlands
Bord,Rider,briderco,briderco@liteengineering.nl,project-2014,Provincie Noord-Holland,Netherlands
Ddene,Earley,dearleycp,dearleycp@liteengineering.nl,project-3319,Provincie Zuid-Holland,Netherlands
Rebe,Canfer,rcanfercq,rcanfercq@liteengineering.nl,project-3094,Provincie Zuid-Holland,Netherlands
Eran,Basketfield,ebasketfieldcr,ebasketfieldcr@liteengineering.nl,project-1039,Provincie Noord-Holland,Netherlands
Randolf,Gotter,rgottercs,rgottercs@liteengineering.nl,project-2304,Provincie Zuid-Holland,Netherlands
Ella,Ewart,eewartct,eewartct@liteengineering.nl,project-2924,Provincie Zuid-Holland,Netherlands
Ginger,Tomanek,gtomanekcu,gtomanekcu@liteengineering.nl,project-2104,Provincie Noord-Holland,Netherlands
Pip,Cushelly,pcushellycv,pcushellycv@liteengineering.nl,project-2629,Provincie Zuid-Holland,Netherlands
Sharona,Middlemass,smiddlemasscw,smiddlemasscw@liteengineering.nl,project-3324,Provincie Zuid-Holland,Netherlands
Dennis,Laddle,dladdlecx,dladdlecx@liteengineering.nl,project-1964,Provincie Noord-Holland,Netherlands
Fallon,Curry,fcurrycy,fcurrycy@liteengineering.nl,project-3004,Provincie Zuid-Holland,Netherlands
Avery,Donohue,adonohuecz,adonohuecz@liteengineering.nl,project-1079,Provincie Noord-Holland,Netherlands
Durward,Vallentin,dvallentind0,dvallentind0@liteengineering.nl,project-2329,Provincie Zuid-Holland,Netherlands
Yvonne,Benedick,ybenedickd1,ybenedickd1@liteengineering.nl,project-1094,Provincie Noord-Holland,Netherlands
Claude,Punshon,cpunshond2,cpunshond2@liteengineering.nl,project-1404,Provincie Noord-Holland,Netherlands
Adel,Mott,amottd3,amottd3@liteengineering.nl,project-2624,Provincie Zuid-Holland,Netherlands
Kass,Wevell,kwevelld4,kwevelld4@liteengineering.nl,project-2334,Provincie Zuid-Holland,Netherlands
Kennedy,Sailor,ksailord5,ksailord5@liteengineering.nl,project-2264,Provincie Zuid-Holland,Netherlands
Christy,Probyn,cprobynd6,cprobynd6@liteengineering.nl,project-2614,Provincie Zuid-Holland,Netherlands
Stormi,Labusquiere,slabusquiered7,slabusquiered7@liteengineering.nl,project-2029,Provincie Noord-Holland,Netherlands
Zelig,Jacson,zjacsond8,zjacsond8@liteengineering.nl,project-2924,Provincie Zuid-Holland,Netherlands
Yolanda,Strowthers,ystrowthersd9,ystrowthersd9@liteengineering.nl,project-3104,Provincie Zuid-Holland,Netherlands
Olin,Derington,oderingtonda,oderingtonda@liteengineering.nl,project-2924,Provincie Zuid-Holland,Netherlands
Darbee,Lilleycrop,dlilleycropdb,dlilleycropdb@liteengineering.nl,project-2578,Provincie Zuid-Holland,Netherlands
Harald,De La Hay,hdelahaydc,hdelahaydc@liteengineering.nl,project-2029,Provincie Noord-Holland,Netherlands
Dare,McKag,dmckagdd,dmckagdd@liteengineering.nl,project-2334,Provincie Zuid-Holland,Netherlands
Alfred,Panas,apanasde,apanasde@liteengineering.nl,project-3324,Provincie Zuid-Holland,Netherlands
Madlin,Sharvill,msharvilldf,msharvilldf@liteengineering.nl,project-2029,Provincie Noord-Holland,Netherlands
Carlee,Swaffield,cswaffielddg,cswaffielddg@liteengineering.nl,project-2004,Provincie Noord-Holland,Netherlands
Stormi,Erni,sernidh,sernidh@liteengineering.nl,project-2409,Provincie Zuid-Holland,Netherlands
Eydie,Meddick,emeddickdi,emeddickdi@liteengineering.nl,project-1944,Provincie Noord-Holland,Netherlands
Mona,Senescall,msenescalldj,msenescalldj@liteengineering.nl,project-2334,Provincie Zuid-Holland,Netherlands
Debra,Maletratt,dmaletrattdk,dmaletrattdk@liteengineering.nl,project-2578,Provincie Zuid-Holland,Netherlands
Sammy,Donalson,sdonalsondl,sdonalsondl@liteengineering.nl,project-2614,Provincie Zuid-Holland,Netherlands
Mandel,Corgenvin,mcorgenvindm,mcorgenvindm@liteengineering.nl,project-1964,Provincie Noord-Holland,Netherlands
Kacy,Mallion,kmalliondn,kmalliondn@liteengineering.nl,project-2495,Provincie Zuid-Holland,Netherlands
Antonina,Mc Gee,amcgeedo,amcgeedo@liteengineering.nl,project-1079,Provincie Noord-Holland,Netherlands
Mackenzie,Pedracci,mpedraccidp,mpedraccidp@liteengineering.nl,project-1404,Provincie Noord-Holland,Netherlands
Maurizio,Bollom,mbollomdq,mbollomdq@liteengineering.nl,project-1964,Provincie Noord-Holland,Netherlands
Mayer,O' Dornan,modornandr,modornandr@liteengineering.nl,project-2228,Provincie Zuid-Holland,Netherlands
Faydra,Geertje,fgeertjeds,fgeertjeds@liteengineering.nl,project-2614,Provincie Zuid-Holland,Netherlands
Elsi,Trittam,etrittamdt,etrittamdt@liteengineering.nl,project-3004,Provincie Zuid-Holland,Netherlands
Marshall,Bampforth,mbampforthdu,mbampforthdu@liteengineering.nl,project-1094,Provincie Noord-Holland,Netherlands
Howey,Tillman,htillmandv,htillmandv@liteengineering.nl,project-1094,Provincie Noord-Holland,Netherlands
Quintus,Vale,qvaledw,qvaledw@liteengineering.nl,project-1819,Provincie Noord-Holland,Netherlands
Leona,Roser,lroserdx,lroserdx@liteengineering.nl,project-1944,Provincie Noord-Holland,Netherlands
Yancy,De Anesy,ydeanesydy,ydeanesydy@liteengineering.nl,project-1039,Provincie Noord-Holland,Netherlands
Alexandrina,Able,aabledz,aabledz@liteengineering.nl,project-2624,Provincie Zuid-Holland,Netherlands
Kippy,Wiltshear,kwiltsheare0,kwiltsheare0@liteengineering.nl,project-1804,Provincie Noord-Holland,Netherlands
Gauthier,Eaddy,geaddye1,geaddye1@liteengineering.nl,project-1004,Provincie Noord-Holland,Netherlands
Byrann,Martin,bmartine2,bmartine2@liteengineering.nl,project-1944,Provincie Noord-Holland,Netherlands
Darren,Nyland,dnylande3,dnylande3@liteengineering.nl,project-2264,Provincie Zuid-Holland,Netherlands
Karrah,MacAne,kmacanee4,kmacanee4@liteengineering.nl,project-1079,Provincie Noord-Holland,Netherlands
Elspeth,Murkus,emurkuse5,emurkuse5@liteengineering.nl,project-1019,Provincie Noord-Holland,Netherlands
Matthus,Savaage,msavaagee6,msavaagee6@liteengineering.nl,project-2989,Provincie Zuid-Holland,Netherlands
Claude,Rubes,crubese7,crubese7@liteengineering.nl,project-3094,Provincie Zuid-Holland,Netherlands
Janot,Bruckstein,jbrucksteine8,jbrucksteine8@liteengineering.nl,project-2334,Provincie Zuid-Holland,Netherlands
Tami,Matteau,tmatteaue9,tmatteaue9@liteengineering.nl,project-3324,Provincie Zuid-Holland,Netherlands
Margery,Evequot,mevequotea,mevequotea@liteengineering.nl,project-1509,Provincie Noord-Holland,Netherlands
Ilyssa,Broxup,ibroxupeb,ibroxupeb@liteengineering.nl,project-2264,Provincie Zuid-Holland,Netherlands
Malorie,Ravenhills,mravenhillsec,mravenhillsec@liteengineering.nl,project-2104,Provincie Noord-Holland,Netherlands
Kippar,Theobold,ktheobolded,ktheobolded@liteengineering.nl,project-2004,Provincie Noord-Holland,Netherlands
Franciskus,Lightman,flightmanee,flightmanee@liteengineering.nl,project-3319,Provincie Zuid-Holland,Netherlands
Terza,Guillon,tguillonef,tguillonef@liteengineering.nl,project-2604,Provincie Zuid-Holland,Netherlands
Merrili,Blakeway,mblakewayeg,mblakewayeg@liteengineering.nl,project-1814,Provincie Noord-Holland,Netherlands
Nicolle,Bramley,nbramleyeh,nbramleyeh@liteengineering.nl,project-2284,Provincie Zuid-Holland,Netherlands
Tommie,Kebell,tkebellei,tkebellei@liteengineering.nl,project-2264,Provincie Zuid-Holland,Netherlands
Sharline,Slucock,sslucockej,sslucockej@liteengineering.nl,project-1814,Provincie Noord-Holland,Netherlands
Phoebe,Roches,prochesek,prochesek@liteengineering.nl,project-3309,Provincie Zuid-Holland,Netherlands
Jule,McAughtrie,jmcaughtrieel,jmcaughtrieel@liteengineering.nl,project-2924,Provincie Zuid-Holland,Netherlands
Gil,Averies,gaveriesem,gaveriesem@liteengineering.nl,project-2004,Provincie Noord-Holland,Netherlands
Langsdon,Armor,larmoren,larmoren@liteengineering.nl,project-1404,Provincie Noord-Holland,Netherlands
Elisha,Ritmeier,eritmeiereo,eritmeiereo@liteengineering.nl,project-2264,Provincie Zuid-Holland,Netherlands
Cob,Holston,cholstonep,cholstonep@liteengineering.nl,project-2228,Provincie Zuid-Holland,Netherlands
Nat,Bonifacio,nbonifacioeq,nbonifacioeq@liteengineering.nl,project-3094,Provincie Zuid-Holland,Netherlands
Winifred,Bullman,wbullmaner,wbullmaner@liteengineering.nl,project-3319,Provincie Zuid-Holland,Netherlands
Trumaine,Crossfeld,tcrossfeldes,tcrossfeldes@liteengineering.nl,project-3324,Provincie Zuid-Holland,Netherlands
Sissy,Tunnicliffe,stunnicliffeet,stunnicliffeet@liteengineering.nl,project-3004,Provincie Zuid-Holland,Netherlands
Winslow,Aysh,waysheu,waysheu@liteengineering.nl,project-2614,Provincie Zuid-Holland,Netherlands
Alain,Gothliff,agothliffev,agothliffev@liteengineering.nl,project-2274,Provincie Zuid-Holland,Netherlands
Kahaleel,Milsom,kmilsomew,kmilsomew@liteengineering.nl,project-3319,Provincie Zuid-Holland,Netherlands
Bernie,Balentyne,bbalentyneex,bbalentyneex@liteengineering.nl,project-2329,Provincie Zuid-Holland,Netherlands
Aindrea,Howard,ahowardey,ahowardey@liteengineering.nl,project-1804,Provincie Noord-Holland,Netherlands
Temple,Dutt,tduttez,tduttez@liteengineering.nl,project-3319,Provincie Zuid-Holland,Netherlands
Toddy,Hachette,thachettef0,thachettef0@liteengineering.nl,project-2578,Provincie Zuid-Holland,Netherlands
Holly-anne,Summersby,hsummersbyf1,hsummersbyf1@liteengineering.nl,project-2104,Provincie Noord-Holland,Netherlands
Trent,Imison,timisonf2,timisonf2@liteengineering.nl,project-3224,Provincie Zuid-Holland,Netherlands
Priscilla,Degg,pdeggf3,pdeggf3@liteengineering.nl,project-2104,Provincie Noord-Holland,Netherlands
Thacher,Hinckes,thinckesf4,thinckesf4@liteengineering.nl,project-3009,Provincie Zuid-Holland,Netherlands
Greg,Giamelli,ggiamellif5,ggiamellif5@liteengineering.nl,project-2989,Provincie Zuid-Holland,Netherlands
Kris,MacGiolla,kmacgiollaf6,kmacgiollaf6@liteengineering.nl,project-2304,Provincie Zuid-Holland,Netherlands
Alfons,Penella,apenellaf7,apenellaf7@liteengineering.nl,project-1974,Provincie Noord-Holland,Netherlands
Florella,Lamprey,flampreyf8,flampreyf8@liteengineering.nl,project-2614,Provincie Zuid-Holland,Netherlands
Zak,Haggith,zhaggithf9,zhaggithf9@liteengineering.nl,project-2274,Provincie Zuid-Holland,Netherlands
Nata,Hellcat,nhellcatfa,nhellcatfa@liteengineering.nl,project-1019,Provincie Noord-Holland,Netherlands
Ingeborg,Kleingrub,ikleingrubfb,ikleingrubfb@liteengineering.nl,project-3009,Provincie Zuid-Holland,Netherlands
Charleen,Brisseau,cbrisseaufc,cbrisseaufc@liteengineering.nl,project-2309,Provincie Zuid-Holland,Netherlands
Michel,Jeffry,mjeffryfd,mjeffryfd@liteengineering.nl,project-2989,Provincie Zuid-Holland,Netherlands
Berty,Duffitt,bduffittfe,bduffittfe@liteengineering.nl,project-2329,Provincie Zuid-Holland,Netherlands
Casi,Boult,cboultff,cboultff@liteengineering.nl,project-2924,Provincie Zuid-Holland,Netherlands
Fianna,Purvis,fpurvisfg,fpurvisfg@liteengineering.nl,project-2104,Provincie Noord-Holland,Netherlands
Queenie,Origin,qoriginfh,qoriginfh@liteengineering.nl,project-2624,Provincie Zuid-Holland,Netherlands
Minnaminnie,Barnham,mbarnhamfi,mbarnhamfi@liteengineering.nl,project-1504,Provincie Noord-Holland,Netherlands
Lauritz,Mompesson,lmompessonfj,lmompessonfj@liteengineering.nl,project-3309,Provincie Zuid-Holland,Netherlands
Killie,Heavyside,kheavysidefk,kheavysidefk@liteengineering.nl,project-1019,Provincie Noord-Holland,Netherlands
Lila,Parmer,lparmerfl,lparmerfl@liteengineering.nl,project-1039,Provincie Noord-Holland,Netherlands
Roger,Fiddymont,rfiddymontfm,rfiddymontfm@liteengineering.nl,project-2029,Provincie Noord-Holland,Netherlands
Rosanne,Hardey,rhardeyfn,rhardeyfn@liteengineering.nl,project-3309,Provincie Zuid-Holland,Netherlands
Rowe,Keilty,rkeiltyfo,rkeiltyfo@liteengineering.nl,project-1049,Provincie Noord-Holland,Netherlands
Tannie,Deniske,tdeniskefp,tdeniskefp@liteengineering.nl,project-3009,Provincie Zuid-Holland,Netherlands
Ab,Carrabot,acarrabotfq,acarrabotfq@liteengineering.nl,project-3319,Provincie Zuid-Holland,Netherlands
Bernadina,Langsdon,blangsdonfr,blangsdonfr@liteengineering.nl,project-2629,Provincie Zuid-Holland,Netherlands
Chrysa,Gemlett,cgemlettfs,cgemlettfs@liteengineering.nl,project-2614,Provincie Zuid-Holland,Netherlands
Eunice,Coolbear,ecoolbearft,ecoolbearft@liteengineering.nl,project-1814,Provincie Noord-Holland,Netherlands
Rockwell,Medling,rmedlingfu,rmedlingfu@liteengineering.nl,project-1819,Provincie Noord-Holland,Netherlands
Francyne,Treat,ftreatfv,ftreatfv@liteengineering.nl,project-2629,Provincie Zuid-Holland,Netherlands
Garrett,Jakucewicz,gjakucewiczfw,gjakucewiczfw@liteengineering.nl,project-2989,Provincie Zuid-Holland,Netherlands
Sherilyn,Yeld,syeldfx,syeldfx@liteengineering.nl,project-3104,Provincie Zuid-Holland,Netherlands
Giacomo,Renak,grenakfy,grenakfy@liteengineering.nl,project-2334,Provincie Zuid-Holland,Netherlands
Gustie,Ritchard,gritchardfz,gritchardfz@liteengineering.nl,project-2604,Provincie Zuid-Holland,Netherlands
Ermin,Vibert,evibertg0,evibertg0@liteengineering.nl,project-1624,Provincie Noord-Holland,Netherlands
Terri,Conrad,tconradg1,tconradg1@liteengineering.nl,project-3324,Provincie Zuid-Holland,Netherlands
Stacee,Aveling,savelingg2,savelingg2@liteengineering.nl,project-1049,Provincie Noord-Holland,Netherlands
Allyce,Aldersea,aalderseag3,aalderseag3@liteengineering.nl,project-3324,Provincie Zuid-Holland,Netherlands
Glad,Venard,gvenardg4,gvenardg4@liteengineering.nl,project-3319,Provincie Zuid-Holland,Netherlands
Flore,Napton,fnaptong5,fnaptong5@liteengineering.nl,project-2629,Provincie Zuid-Holland,Netherlands
Lukas,Heinemann,lheinemanng6,lheinemanng6@liteengineering.nl,project-3004,Provincie Zuid-Holland,Netherlands
Katti,Petegrew,kpetegrewg7,kpetegrewg7@liteengineering.nl,project-2309,Provincie Zuid-Holland,Netherlands
Khalil,Greggor,kgreggorg8,kgreggorg8@liteengineering.nl,project-2104,Provincie Noord-Holland,Netherlands
Theodoric,Thompsett,tthompsettg9,tthompsettg9@liteengineering.nl,project-2924,Provincie Zuid-Holland,Netherlands
Adolpho,Scade,ascadega,ascadega@liteengineering.nl,project-1504,Provincie Noord-Holland,Netherlands
Fayth,Woolforde,fwoolfordegb,fwoolfordegb@liteengineering.nl,project-2720,Provincie Zuid-Holland,Netherlands
Lenee,Sergeant,lsergeantgc,lsergeantgc@liteengineering.nl,project-3009,Provincie Zuid-Holland,Netherlands
Malchy,Steckings,msteckingsgd,msteckingsgd@liteengineering.nl,project-2284,Provincie Zuid-Holland,Netherlands
Jereme,Dorrian,jdorriange,jdorriange@liteengineering.nl,project-2019,Provincie Noord-Holland,Netherlands
Benedick,Houselee,bhouseleegf,bhouseleegf@liteengineering.nl,project-2409,Provincie Zuid-Holland,Netherlands
Joe,Morhall,jmorhallgg,jmorhallgg@liteengineering.nl,project-1964,Provincie Noord-Holland,Netherlands
Perice,Fennelly,pfennellygh,pfennellygh@liteengineering.nl,project-3109,Provincie Zuid-Holland,Netherlands
Shawn,Bloore,sblooregi,sblooregi@liteengineering.nl,project-1944,Provincie Noord-Holland,Netherlands
Darby,Gorvin,dgorvingj,dgorvingj@liteengineering.nl,project-1964,Provincie Noord-Holland,Netherlands
Humberto,Casillis,hcasillisgk,hcasillisgk@liteengineering.nl,project-2284,Provincie Zuid-Holland,Netherlands
Yardley,Doale,ydoalegl,ydoalegl@liteengineering.nl,project-1804,Provincie Noord-Holland,Netherlands
Brendis,Headingham,bheadinghamgm,bheadinghamgm@liteengineering.nl,project-1509,Provincie Noord-Holland,Netherlands
Taylor,Swaton,tswatongn,tswatongn@liteengineering.nl,project-3324,Provincie Zuid-Holland,Netherlands
Hector,Vasishchev,hvasishchevgo,hvasishchevgo@liteengineering.nl,project-1804,Provincie Noord-Holland,Netherlands
Mindy,Cobbe,mcobbegp,mcobbegp@liteengineering.nl,project-2924,Provincie Zuid-Holland,Netherlands
Valma,Harmer,vharmergq,vharmergq@liteengineering.nl,project-1504,Provincie Noord-Holland,Netherlands
Kendra,Gait,kgaitgr,kgaitgr@liteengineering.nl,project-2578,Provincie Zuid-Holland,Netherlands
Carlota,Napolitano,cnapolitanogs,cnapolitanogs@liteengineering.nl,project-2624,Provincie Zuid-Holland,Netherlands
Cacilia,Walthew,cwalthewgt,cwalthewgt@liteengineering.nl,project-1974,Provincie Noord-Holland,Netherlands
Brett,Beddall,bbeddallgu,bbeddallgu@liteengineering.nl,project-2284,Provincie Zuid-Holland,Netherlands
Judie,Donnel,jdonnelgv,jdonnelgv@liteengineering.nl,project-2629,Provincie Zuid-Holland,Netherlands
Galen,Nel,gnelgw,gnelgw@liteengineering.nl,project-2495,Provincie Zuid-Holland,Netherlands
Earvin,Tibb,etibbgx,etibbgx@liteengineering.nl,project-2304,Provincie Zuid-Holland,Netherlands
Margie,Matzel,mmatzelgy,mmatzelgy@liteengineering.nl,project-1944,Provincie Noord-Holland,Netherlands
Ellyn,Geldeford,egeldefordgz,egeldefordgz@liteengineering.nl,project-2409,Provincie Zuid-Holland,Netherlands
Angy,Boreland,aborelandh0,aborelandh0@liteengineering.nl,project-3004,Provincie Zuid-Holland,Netherlands
Zara,Elizabeth,zelizabethh1,zelizabethh1@liteengineering.nl,project-1964,Provincie Noord-Holland,Netherlands
Byram,Blasli,bblaslih2,bblaslih2@liteengineering.nl,project-2329,Provincie Zuid-Holland,Netherlands
Torey,Ebdin,tebdinh3,tebdinh3@liteengineering.nl,project-2334,Provincie Zuid-Holland,Netherlands
Ninnetta,Lambot,nlamboth4,nlamboth4@liteengineering.nl,project-2104,Provincie Noord-Holland,Netherlands
Hilton,Brigstock,hbrigstockh5,hbrigstockh5@liteengineering.nl,project-2329,Provincie Zuid-Holland,Netherlands
Ginger,Warry,gwarryh6,gwarryh6@liteengineering.nl,project-2104,Provincie Noord-Holland,Netherlands
Wayne,Newlands,wnewlandsh7,wnewlandsh7@liteengineering.nl,project-2004,Provincie Noord-Holland,Netherlands
Desdemona,Stapforth,dstapforthh8,dstapforthh8@liteengineering.nl,project-1819,Provincie Noord-Holland,Netherlands
Eulalie,Croke,ecrokeh9,ecrokeh9@liteengineering.nl,project-1804,Provincie Noord-Holland,Netherlands
Archambault,Ledger,aledgerha,aledgerha@liteengineering.nl,project-1209,Provincie Noord-Holland,Netherlands
Grace,Nunns,gnunnshb,gnunnshb@liteengineering.nl,project-1804,Provincie Noord-Holland,Netherlands
Benedicto,Whye,bwhyehc,bwhyehc@liteengineering.nl,project-2578,Provincie Zuid-Holland,Netherlands
Sawyere,Melanaphy,smelanaphyhd,smelanaphyhd@liteengineering.nl,project-2578,Provincie Zuid-Holland,Netherlands
Benedicta,Rhodef,brhodefhe,brhodefhe@liteengineering.nl,project-2228,Provincie Zuid-Holland,Netherlands
Inglis,Hugnet,ihugnethf,ihugnethf@liteengineering.nl,project-2334,Provincie Zuid-Holland,Netherlands
Ado,Roset,arosethg,arosethg@liteengineering.nl,project-3104,Provincie Zuid-Holland,Netherlands
Gnni,Frobisher,gfrobisherhh,gfrobisherhh@liteengineering.nl,project-2614,Provincie Zuid-Holland,Netherlands
Lorena,Baudrey,lbaudreyhi,lbaudreyhi@liteengineering.nl,project-2720,Provincie Zuid-Holland,Netherlands
Alex,Rayment,araymenthj,araymenthj@liteengineering.nl,project-1964,Provincie Noord-Holland,Netherlands
Jeth,Poor,jpoorhk,jpoorhk@liteengineering.nl,project-2495,Provincie Zuid-Holland,Netherlands
Mead,Gores,mgoreshl,mgoreshl@liteengineering.nl,project-2334,Provincie Zuid-Holland,Netherlands
Madel,Reaveley,mreaveleyhm,mreaveleyhm@liteengineering.nl,project-2264,Provincie Zuid-Holland,Netherlands
Archambault,Arangy,aarangyhn,aarangyhn@liteengineering.nl,project-1069,Provincie Noord-Holland,Netherlands
Cassie,Beale,cbealeho,cbealeho@liteengineering.nl,project-2578,Provincie Zuid-Holland,Netherlands
Emmott,Rugieri,erugierihp,erugierihp@liteengineering.nl,project-1094,Provincie Noord-Holland,Netherlands
Branden,Wells,bwellshq,bwellshq@liteengineering.nl,project-1509,Provincie Noord-Holland,Netherlands
Mirabella,Corlett,mcorletthr,mcorletthr@liteengineering.nl,project-1079,Provincie Noord-Holland,Netherlands
Veradis,Emlen,vemlenhs,vemlenhs@liteengineering.nl,project-2304,Provincie Zuid-Holland,Netherlands
Clayton,Faircley,cfaircleyht,cfaircleyht@liteengineering.nl,project-1974,Provincie Noord-Holland,Netherlands
Manfred,Powner,mpownerhu,mpownerhu@liteengineering.nl,project-3224,Provincie Zuid-Holland,Netherlands
Carmita,Juanico,cjuanicohv,cjuanicohv@liteengineering.nl,project-1624,Provincie Noord-Holland,Netherlands
Ibrahim,Jerg,ijerghw,ijerghw@liteengineering.nl,project-2409,Provincie Zuid-Holland,Netherlands
Rogerio,Izachik,rizachikhx,rizachikhx@liteengineering.nl,project-2409,Provincie Zuid-Holland,Netherlands
Hendrick,Dahlman,hdahlmanhy,hdahlmanhy@liteengineering.nl,project-3004,Provincie Zuid-Holland,Netherlands
Samson,Dows,sdowshz,sdowshz@liteengineering.nl,project-3104,Provincie Zuid-Holland,Netherlands
Heda,Toal,htoali0,htoali0@liteengineering.nl,project-2104,Provincie Noord-Holland,Netherlands
Matthias,Millwater,mmillwateri1,mmillwateri1@liteengineering.nl,project-2264,Provincie Zuid-Holland,Netherlands
Billie,Witsey,bwitseyi2,bwitseyi2@liteengineering.nl,project-1004,Provincie Noord-Holland,Netherlands
Hesther,Somerlie,hsomerliei3,hsomerliei3@liteengineering.nl,project-3009,Provincie Zuid-Holland,Netherlands
Harriette,Bockman,hbockmani4,hbockmani4@liteengineering.nl,project-3004,Provincie Zuid-Holland,Netherlands
Samara,Tewnion,stewnioni5,stewnioni5@liteengineering.nl,project-2614,Provincie Zuid-Holland,Netherlands
Andros,Ronchi,aronchii6,aronchii6@liteengineering.nl,project-3009,Provincie Zuid-Holland,Netherlands
Barrett,Thody,bthodyi7,bthodyi7@liteengineering.nl,project-2309,Provincie Zuid-Holland,Netherlands
Durward,Blackeby,dblackebyi8,dblackebyi8@liteengineering.nl,project-3094,Provincie Zuid-Holland,Netherlands
Pietro,O'Hanlon,pohanloni9,pohanloni9@liteengineering.nl,project-1004,Provincie Noord-Holland,Netherlands
Rodie,Robshaw,rrobshawia,rrobshawia@liteengineering.nl,project-2019,Provincie Noord-Holland,Netherlands
Stewart,Heigho,sheighoib,sheighoib@liteengineering.nl,project-2409,Provincie Zuid-Holland,Netherlands
Celinda,Deares,cdearesic,cdearesic@liteengineering.nl,project-2004,Provincie Noord-Holland,Netherlands
Melosa,Selvester,mselvesterid,mselvesterid@liteengineering.nl,project-3309,Provincie Zuid-Holland,Netherlands
Ethelyn,Klimaszewski,eklimaszewskiie,eklimaszewskiie@liteengineering.nl,project-2924,Provincie Zuid-Holland,Netherlands
Ignace,Margerrison,imargerrisonif,imargerrisonif@liteengineering.nl,project-3309,Provincie Zuid-Holland,Netherlands
Theda,Isakowicz,tisakowiczig,tisakowiczig@liteengineering.nl,project-2334,Provincie Zuid-Holland,Netherlands
Davine,Elvish,delvishih,delvishih@liteengineering.nl,project-1004,Provincie Noord-Holland,Netherlands
Kalila,Oldham,koldhamii,koldhamii@liteengineering.nl,project-2274,Provincie Zuid-Holland,Netherlands
Noam,Ducham,nduchamij,nduchamij@liteengineering.nl,project-3004,Provincie Zuid-Holland,Netherlands
Chickie,Deniske,cdeniskeik,cdeniskeik@liteengineering.nl,project-2019,Provincie Noord-Holland,Netherlands
Madalena,Rosenbloom,mrosenbloomil,mrosenbloomil@liteengineering.nl,project-2329,Provincie Zuid-Holland,Netherlands
Ulrica,Gollard,ugollardim,ugollardim@liteengineering.nl,project-2264,Provincie Zuid-Holland,Netherlands
Nita,Addionizio,naddionizioin,naddionizioin@liteengineering.nl,project-1209,Provincie Noord-Holland,Netherlands
Ada,Tod,atodio,atodio@liteengineering.nl,project-1624,Provincie Noord-Holland,Netherlands
Farand,Gillio,fgillioip,fgillioip@liteengineering.nl,project-3094,Provincie Zuid-Holland,Netherlands
Lydie,MacIver,lmaciveriq,lmaciveriq@liteengineering.nl,project-2019,Provincie Noord-Holland,Netherlands
Chiquia,Corlett,ccorlettir,ccorlettir@liteengineering.nl,project-3009,Provincie Zuid-Holland,Netherlands
Blair,Ruthen,bruthenis,bruthenis@liteengineering.nl,project-1624,Provincie Noord-Holland,Netherlands
Marlow,Brownsill,mbrownsillit,mbrownsillit@liteengineering.nl,project-2014,Provincie Noord-Holland,Netherlands
Finley,Vergo,fvergoiu,fvergoiu@liteengineering.nl,project-1804,Provincie Noord-Holland,Netherlands
Feliza,Knapton,fknaptoniv,fknaptoniv@liteengineering.nl,project-2989,Provincie Zuid-Holland,Netherlands
Winifred,Abramamovh,wabramamovhiw,wabramamovhiw@liteengineering.nl,project-1964,Provincie Noord-Holland,Netherlands
Wendall,Spadeck,wspadeckix,wspadeckix@liteengineering.nl,project-3104,Provincie Zuid-Holland,Netherlands
Teena,Brend,tbrendiy,tbrendiy@liteengineering.nl,project-1049,Provincie Noord-Holland,Netherlands
Pamelina,Walsh,pwalshiz,pwalshiz@liteengineering.nl,project-2624,Provincie Zuid-Holland,Netherlands
Izabel,Zannelli,izannellij0,izannellij0@liteengineering.nl,project-2019,Provincie Noord-Holland,Netherlands
Bianca,Marklund,bmarklundj1,bmarklundj1@liteengineering.nl,project-2284,Provincie Zuid-Holland,Netherlands
Margaux,Arpin,marpinj2,marpinj2@liteengineering.nl,project-1019,Provincie Noord-Holland,Netherlands
Nicholle,Fend,nfendj3,nfendj3@liteengineering.nl,project-2309,Provincie Zuid-Holland,Netherlands
Paton,Candlish,pcandlishj4,pcandlishj4@liteengineering.nl,project-2334,Provincie Zuid-Holland,Netherlands
Loren,Casperri,lcasperrij5,lcasperrij5@liteengineering.nl,project-2624,Provincie Zuid-Holland,Netherlands
Hillier,Dryburgh,hdryburghj6,hdryburghj6@liteengineering.nl,project-2274,Provincie Zuid-Holland,Netherlands
Donalt,Steddall,dsteddallj7,dsteddallj7@liteengineering.nl,project-1624,Provincie Noord-Holland,Netherlands
Arni,Poschel,aposchelj8,aposchelj8@liteengineering.nl,project-1944,Provincie Noord-Holland,Netherlands
Kathie,Loveland,klovelandj9,klovelandj9@liteengineering.nl,project-1509,Provincie Noord-Holland,Netherlands
Carol-jean,Gregoli,cgregolija,cgregolija@liteengineering.nl,project-2629,Provincie Zuid-Holland,Netherlands
Brit,Middlemass,bmiddlemassjb,bmiddlemassjb@liteengineering.nl,project-2614,Provincie Zuid-Holland,Netherlands
Ardelia,De la Feld,adelafeldjc,adelafeldjc@liteengineering.nl,project-1944,Provincie Noord-Holland,Netherlands
Johan,Durrand,jdurrandjd,jdurrandjd@liteengineering.nl,project-2304,Provincie Zuid-Holland,Netherlands
Jocelin,McArdell,jmcardellje,jmcardellje@liteengineering.nl,project-2329,Provincie Zuid-Holland,Netherlands
Regan,Chapell,rchapelljf,rchapelljf@liteengineering.nl,project-1814,Provincie Noord-Holland,Netherlands
Heywood,Jealous,hjealousjg,hjealousjg@liteengineering.nl,project-2284,Provincie Zuid-Holland,Netherlands
Beatriz,Casterou,bcasteroujh,bcasteroujh@liteengineering.nl,project-2614,Provincie Zuid-Holland,Netherlands
Herby,McIleen,hmcileenji,hmcileenji@liteengineering.nl,project-2309,Provincie Zuid-Holland,Netherlands
Kate,Wren,kwrenjj,kwrenjj@liteengineering.nl,project-2495,Provincie Zuid-Holland,Netherlands
Tiebout,Cullnean,tcullneanjk,tcullneanjk@liteengineering.nl,project-3224,Provincie Zuid-Holland,Netherlands
Elysia,Kaaskooper,ekaaskooperjl,ekaaskooperjl@liteengineering.nl,project-2334,Provincie Zuid-Holland,Netherlands
Giacobo,Baiss,gbaissjm,gbaissjm@liteengineering.nl,project-1819,Provincie Noord-Holland,Netherlands
Jean,Ingon,jingonjn,jingonjn@liteengineering.nl,project-1504,Provincie Noord-Holland,Netherlands
Randa,Olsson,rolssonjo,rolssonjo@liteengineering.nl,project-2614,Provincie Zuid-Holland,Netherlands
Huey,Lazare,hlazarejp,hlazarejp@liteengineering.nl,project-3109,Provincie Zuid-Holland,Netherlands
Olin,Giovannini,ogiovanninijq,ogiovanninijq@liteengineering.nl,project-3324,Provincie Zuid-Holland,Netherlands
Frederico,MacIntyre,fmacintyrejr,fmacintyrejr@liteengineering.nl,project-2004,Provincie Noord-Holland,Netherlands
Demetria,Masden,dmasdenjs,dmasdenjs@liteengineering.nl,project-2014,Provincie Noord-Holland,Netherlands
Joli,Quixley,jquixleyjt,jquixleyjt@liteengineering.nl,project-3094,Provincie Zuid-Holland,Netherlands
Tobit,Dusting,tdustingju,tdustingju@liteengineering.nl,project-3224,Provincie Zuid-Holland,Netherlands
Gaston,Ruslinge,gruslingejv,gruslingejv@liteengineering.nl,project-2029,Provincie Noord-Holland,Netherlands
Kora,Howgego,khowgegojw,khowgegojw@liteengineering.nl,project-1004,Provincie Noord-Holland,Netherlands
Nichole,Mossdale,nmossdalejx,nmossdalejx@liteengineering.nl,project-2029,Provincie Noord-Holland,Netherlands
Florenza,Fantone,ffantonejy,ffantonejy@liteengineering.nl,project-3309,Provincie Zuid-Holland,Netherlands
Gus,Serginson,gserginsonjz,gserginsonjz@liteengineering.nl,project-2624,Provincie Zuid-Holland,Netherlands
Barbara,Allso,ballsok0,ballsok0@liteengineering.nl,project-2274,Provincie Zuid-Holland,Netherlands
Kerrie,Tute,ktutek1,ktutek1@liteengineering.nl,project-2924,Provincie Zuid-Holland,Netherlands
Deeann,Corneck,dcorneckk2,dcorneckk2@liteengineering.nl,project-1039,Provincie Noord-Holland,Netherlands
Carole,Cuddehay,ccuddehayk3,ccuddehayk3@liteengineering.nl,project-2409,Provincie Zuid-Holland,Netherlands
Clair,Blowen,cblowenk4,cblowenk4@liteengineering.nl,project-1504,Provincie Noord-Holland,Netherlands
Rurik,Stenhouse,rstenhousek5,rstenhousek5@liteengineering.nl,project-1974,Provincie Noord-Holland,Netherlands
Dre,Pearton,dpeartonk6,dpeartonk6@liteengineering.nl,project-2629,Provincie Zuid-Holland,Netherlands
Kayne,Bawle,kbawlek7,kbawlek7@liteengineering.nl,project-2014,Provincie Noord-Holland,Netherlands
Paxon,Wetherell,pwetherellk8,pwetherellk8@liteengineering.nl,project-1964,Provincie Noord-Holland,Netherlands
Early,Bartolomeazzi,ebartolomeazzik9,ebartolomeazzik9@liteengineering.nl,project-2309,Provincie Zuid-Holland,Netherlands
Candace,Lohden,clohdenka,clohdenka@liteengineering.nl,project-1039,Provincie Noord-Holland,Netherlands
Dane,Lawrenceson,dlawrencesonkb,dlawrencesonkb@liteengineering.nl,project-3004,Provincie Zuid-Holland,Netherlands
Sean,Brickham,sbrickhamkc,sbrickhamkc@liteengineering.nl,project-2274,Provincie Zuid-Holland,Netherlands
Rafferty,Karlolczak,rkarlolczakkd,rkarlolczakkd@liteengineering.nl,project-2309,Provincie Zuid-Holland,Netherlands
Amelia,Gilyott,agilyottke,agilyottke@liteengineering.nl,project-1004,Provincie Noord-Holland,Netherlands
Teressa,Allsopp,tallsoppkf,tallsoppkf@liteengineering.nl,project-2604,Provincie Zuid-Holland,Netherlands
Daniele,Bee,dbeekg,dbeekg@liteengineering.nl,project-3324,Provincie Zuid-Holland,Netherlands
Johanna,O'Brogane,jobroganekh,jobroganekh@liteengineering.nl,project-2019,Provincie Noord-Holland,Netherlands
Huberto,Klink,hklinkki,hklinkki@liteengineering.nl,project-3319,Provincie Zuid-Holland,Netherlands
Stephen,Balogun,sbalogunkj,sbalogunkj@liteengineering.nl,project-3319,Provincie Zuid-Holland,Netherlands
Fania,Tournie,ftourniekk,ftourniekk@liteengineering.nl,project-2604,Provincie Zuid-Holland,Netherlands
Biddy,Malletratt,bmalletrattkl,bmalletrattkl@liteengineering.nl,project-2264,Provincie Zuid-Holland,Netherlands
Hadlee,Knutton,hknuttonkm,hknuttonkm@liteengineering.nl,project-2019,Provincie Noord-Holland,Netherlands
Mechelle,Knevit,mknevitkn,mknevitkn@liteengineering.nl,project-2104,Provincie Noord-Holland,Netherlands
Baily,McVicker,bmcvickerko,bmcvickerko@liteengineering.nl,project-1814,Provincie Noord-Holland,Netherlands
Godfry,Brandt,gbrandtkp,gbrandtkp@liteengineering.nl,project-1964,Provincie Noord-Holland,Netherlands
Oates,Krystek,okrystekkq,okrystekkq@liteengineering.nl,project-2309,Provincie Zuid-Holland,Netherlands
Kasey,Kitchingham,kkitchinghamkr,kkitchinghamkr@liteengineering.nl,project-2924,Provincie Zuid-Holland,Netherlands
Brock,Folbigg,bfolbiggks,bfolbiggks@liteengineering.nl,project-2274,Provincie Zuid-Holland,Netherlands
Dulci,Daniele,ddanielekt,ddanielekt@liteengineering.nl,project-2329,Provincie Zuid-Holland,Netherlands
