firstName,lastName,username,email,groupName,groupCategory,filter
Avram,Beardsell,abeardsell0,abeardsell0@liteengineering.nl,project-6214,Provincie Limburg,Netherlands
Juanita,Kembley,jkembley1,jkembley1@liteengineering.nl,project-6044,Provincie Limburg,Netherlands
Obie,Garrity,ogarrity2,ogarrity2@liteengineering.nl,project-5904,Provincie Limburg,Netherlands
Alia,Fonteyne,afonteyne3,afonteyne3@liteengineering.nl,project-8604,Provincie Friesland,Netherlands
Clareta,Dyers,cdyers4,cdyers4@liteengineering.nl,project-7824,Provincie Drenthe,Netherlands
Wood,Emsley,wemsley5,wemsley5@liteengineering.nl,project-5914,Provincie Limburg,Netherlands
Emilee,Close,eclose6,eclose6@liteengineering.nl,project-6404,Provincie Limburg,Netherlands
Adolph,Albasiny,aalbasiny7,aalbasiny7@liteengineering.nl,project-4534,Provincie Zeeland,Netherlands
Esdras,Skilton,eskilton8,eskilton8@liteengineering.nl,project-8604,Provincie Friesland,Netherlands
Susy,Tipping,stipping9,stipping9@liteengineering.nl,project-6044,Provincie Limburg,Netherlands
Pen,Riseley,priseleya,priseleya@liteengineering.nl,project-6444,Provincie Limburg,Netherlands
Field,Doers,fdoersb,fdoersb@liteengineering.nl,project-7824,Provincie Drenthe,Netherlands
Melitta,Grossman,mgrossmanc,mgrossmanc@liteengineering.nl,project-9204,Provincie Friesland,Netherlands
Galina,Bengefield,gbengefieldd,gbengefieldd@liteengineering.nl,project-9204,Provincie Friesland,Netherlands
Jolene,Culshew,jculshewe,jculshewe@liteengineering.nl,project-7814,Provincie Drenthe,Netherlands
Bryana,Skydall,bskydallf,bskydallf@liteengineering.nl,project-6444,Provincie Limburg,Netherlands
Efren,McCunn,emccunng,emccunng@liteengineering.nl,project-4384,Provincie Zeeland,Netherlands
Hilton,Glen,hglenh,hglenh@liteengineering.nl,project-6214,Provincie Limburg,Netherlands
Christine,Hamilton,chamiltoni,chamiltoni@liteengineering.nl,project-7909,Provincie Drenthe,Netherlands
Vannie,Childes,vchildesj,vchildesj@liteengineering.nl,project-6204,Provincie Limburg,Netherlands
Duky,Rapa,drapak,drapak@liteengineering.nl,project-7909,Provincie Drenthe,Netherlands
Maegan,Bartolomeotti,mbartolomeottil,mbartolomeottil@liteengineering.nl,project-8904,Provincie Friesland,Netherlands
Janie,Meuse,jmeusem,jmeusem@liteengineering.nl,project-8604,Provincie Friesland,Netherlands
Kingsly,Burn,kburnn,kburnn@liteengineering.nl,project-4334,Provincie Zeeland,Netherlands
Neilla,Larive,nlariveo,nlariveo@liteengineering.nl,project-6204,Provincie Limburg,Netherlands
Regina,Hatch,rhatchp,rhatchp@liteengineering.nl,project-6444,Provincie Limburg,Netherlands
Heda,Haet,hhaetq,hhaetq@liteengineering.nl,project-4384,Provincie Zeeland,Netherlands
Amity,D'Agostini,adagostinir,adagostinir@liteengineering.nl,project-4334,Provincie Zeeland,Netherlands
Prescott,Brann,pbranns,pbranns@liteengineering.nl,project-4534,Provincie Zeeland,Netherlands
Quincy,Dimond,qdimondt,qdimondt@liteengineering.nl,project-6224,Provincie Limburg,Netherlands
Bamby,Maudett,bmaudettu,bmaudettu@liteengineering.nl,project-6044,Provincie Limburg,Netherlands
Corabel,Vany,cvanyv,cvanyv@liteengineering.nl,project-8604,Provincie Friesland,Netherlands
Cosimo,Mibourne,cmibournew,cmibournew@liteengineering.nl,project-6214,Provincie Limburg,Netherlands
Olivette,Whithalgh,owhithalghx,owhithalghx@liteengineering.nl,project-6204,Provincie Limburg,Netherlands
Mikael,Barsby,mbarsbyy,mbarsbyy@liteengineering.nl,project-6044,Provincie Limburg,Netherlands
Tessi,Frisch,tfrischz,tfrischz@liteengineering.nl,project-7824,Provincie Drenthe,Netherlands
Barbe,Rikel,brikel10,brikel10@liteengineering.nl,project-8934,Provincie Friesland,Netherlands
Gunner,Halliwell,ghalliwell11,ghalliwell11@liteengineering.nl,project-6204,Provincie Limburg,Netherlands
Hailey,Collishaw,hcollishaw12,hcollishaw12@liteengineering.nl,project-8904,Provincie Friesland,Netherlands
Teddie,Rolfo,trolfo13,trolfo13@liteengineering.nl,project-5924,Provincie Limburg,Netherlands
Byrle,Crookston,bcrookston14,bcrookston14@liteengineering.nl,project-7824,Provincie Drenthe,Netherlands
Phebe,Clowsley,pclowsley15,pclowsley15@liteengineering.nl,project-9204,Provincie Friesland,Netherlands
Ree,Scaife,rscaife16,rscaife16@liteengineering.nl,project-6214,Provincie Limburg,Netherlands
Bridgette,Scruby,bscruby17,bscruby17@liteengineering.nl,project-9730,Provincie Groningen,Netherlands
Coop,Lewsey,clewsey18,clewsey18@liteengineering.nl,project-9674,Provincie Groningen,Netherlands
Clemente,Darwen,cdarwen19,cdarwen19@liteengineering.nl,project-7909,Provincie Drenthe,Netherlands
Ricki,Milberry,rmilberry1a,rmilberry1a@liteengineering.nl,project-8934,Provincie Friesland,Netherlands
Bertrando,Duplan,bduplan1b,bduplan1b@liteengineering.nl,project-8914,Provincie Friesland,Netherlands
Meg,Clother,mclother1c,mclother1c@liteengineering.nl,project-6404,Provincie Limburg,Netherlands
Annette,Hun,ahun1d,ahun1d@liteengineering.nl,project-6444,Provincie Limburg,Netherlands
Matias,Sivier,msivier1e,msivier1e@liteengineering.nl,project-8934,Provincie Friesland,Netherlands
Gay,Tolworthy,gtolworthy1f,gtolworthy1f@liteengineering.nl,project-9204,Provincie Friesland,Netherlands
Eal,Sturr,esturr1g,esturr1g@liteengineering.nl,project-9730,Provincie Groningen,Netherlands
Judi,Mahaddie,jmahaddie1h,jmahaddie1h@liteengineering.nl,project-6444,Provincie Limburg,Netherlands
Vilhelmina,Pavitt,vpavitt1i,vpavitt1i@liteengineering.nl,project-6214,Provincie Limburg,Netherlands
Lucia,Welton,lwelton1j,lwelton1j@liteengineering.nl,project-8914,Provincie Friesland,Netherlands
Bennie,McDell,bmcdell1k,bmcdell1k@liteengineering.nl,project-6204,Provincie Limburg,Netherlands
Carling,Lockhart,clockhart1l,clockhart1l@liteengineering.nl,project-5924,Provincie Limburg,Netherlands
Waylan,Masic,wmasic1m,wmasic1m@liteengineering.nl,project-8604,Provincie Friesland,Netherlands
Debera,Wigsell,dwigsell1n,dwigsell1n@liteengineering.nl,project-6404,Provincie Limburg,Netherlands
Arlina,Werndley,awerndley1o,awerndley1o@liteengineering.nl,project-9730,Provincie Groningen,Netherlands
Danice,Pucknell,dpucknell1p,dpucknell1p@liteengineering.nl,project-8924,Provincie Friesland,Netherlands
Mose,McMennum,mmcmennum1q,mmcmennum1q@liteengineering.nl,project-6214,Provincie Limburg,Netherlands
Donny,Lanaway,dlanaway1r,dlanaway1r@liteengineering.nl,project-6464,Provincie Limburg,Netherlands
D'arcy,Jencken,djencken1s,djencken1s@liteengineering.nl,project-8904,Provincie Friesland,Netherlands
Ewan,Flanders,eflanders1t,eflanders1t@liteengineering.nl,project-8904,Provincie Friesland,Netherlands
Cristiano,Rottcher,crottcher1u,crottcher1u@liteengineering.nl,project-9704,Provincie Groningen,Netherlands
Barton,McCree,bmccree1v,bmccree1v@liteengineering.nl,project-4534,Provincie Zeeland,Netherlands
Gill,Fitzharris,gfitzharris1w,gfitzharris1w@liteengineering.nl,project-4534,Provincie Zeeland,Netherlands
Cordula,Scrivinor,cscrivinor1x,cscrivinor1x@liteengineering.nl,project-7824,Provincie Drenthe,Netherlands
Padgett,Seson,pseson1y,pseson1y@liteengineering.nl,project-6214,Provincie Limburg,Netherlands
Kip,Bracken,kbracken1z,kbracken1z@liteengineering.nl,project-7909,Provincie Drenthe,Netherlands
Ebony,Phetteplace,ephetteplace20,ephetteplace20@liteengineering.nl,project-6404,Provincie Limburg,Netherlands
Miltie,Southern,msouthern21,msouthern21@liteengineering.nl,project-7824,Provincie Drenthe,Netherlands
Lynett,Bodechon,lbodechon22,lbodechon22@liteengineering.nl,project-6044,Provincie Limburg,Netherlands
Mattias,Bytheway,mbytheway23,mbytheway23@liteengineering.nl,project-7804,Provincie Drenthe,Netherlands
Viola,Schuricke,vschuricke24,vschuricke24@liteengineering.nl,project-6464,Provincie Limburg,Netherlands
Allyn,Tweed,atweed25,atweed25@liteengineering.nl,project-9730,Provincie Groningen,Netherlands
Berty,Tobin,btobin26,btobin26@liteengineering.nl,project-6044,Provincie Limburg,Netherlands
Becky,Kleimt,bkleimt27,bkleimt27@liteengineering.nl,project-6044,Provincie Limburg,Netherlands
Trixie,Roark,troark28,troark28@liteengineering.nl,project-6044,Provincie Limburg,Netherlands
Cynthea,Whiterod,cwhiterod29,cwhiterod29@liteengineering.nl,project-8904,Provincie Friesland,Netherlands
Martin,Rzehor,mrzehor2a,mrzehor2a@liteengineering.nl,project-7909,Provincie Drenthe,Netherlands
Erma,Fergusson,efergusson2b,efergusson2b@liteengineering.nl,project-8604,Provincie Friesland,Netherlands
Bettine,Cristou,bcristou2c,bcristou2c@liteengineering.nl,project-9204,Provincie Friesland,Netherlands
Irwin,Heintzsch,iheintzsch2d,iheintzsch2d@liteengineering.nl,project-8604,Provincie Friesland,Netherlands
Kiele,Scough,kscough2e,kscough2e@liteengineering.nl,project-7814,Provincie Drenthe,Netherlands
Tiena,Sillis,tsillis2f,tsillis2f@liteengineering.nl,project-8904,Provincie Friesland,Netherlands
Ody,Hawley,ohawley2g,ohawley2g@liteengineering.nl,project-8904,Provincie Friesland,Netherlands
Averil,Llorente,allorente2h,allorente2h@liteengineering.nl,project-6464,Provincie Limburg,Netherlands
Padraig,Keynd,pkeynd2i,pkeynd2i@liteengineering.nl,project-7814,Provincie Drenthe,Netherlands
Stanly,Gwillim,sgwillim2j,sgwillim2j@liteengineering.nl,project-9204,Provincie Friesland,Netherlands
Annie,Spruce,aspruce2k,aspruce2k@liteengineering.nl,project-8924,Provincie Friesland,Netherlands
Baryram,Scartifield,bscartifield2l,bscartifield2l@liteengineering.nl,project-4334,Provincie Zeeland,Netherlands
Sherwynd,Rawsthorne,srawsthorne2m,srawsthorne2m@liteengineering.nl,project-9730,Provincie Groningen,Netherlands
Emilie,Tanguy,etanguy2n,etanguy2n@liteengineering.nl,project-8934,Provincie Friesland,Netherlands
Pace,Juzek,pjuzek2o,pjuzek2o@liteengineering.nl,project-5914,Provincie Limburg,Netherlands
Yvonne,Luxton,yluxton2p,yluxton2p@liteengineering.nl,project-4334,Provincie Zeeland,Netherlands
Vitia,McGhie,vmcghie2q,vmcghie2q@liteengineering.nl,project-9730,Provincie Groningen,Netherlands
Vicki,Meriott,vmeriott2r,vmeriott2r@liteengineering.nl,project-8934,Provincie Friesland,Netherlands
Teriann,McQuillen,tmcquillen2s,tmcquillen2s@liteengineering.nl,project-9674,Provincie Groningen,Netherlands
Sophia,Darracott,sdarracott2t,sdarracott2t@liteengineering.nl,project-4384,Provincie Zeeland,Netherlands
Rasia,Dent,rdent2u,rdent2u@liteengineering.nl,project-6464,Provincie Limburg,Netherlands
Udall,Braley,ubraley2v,ubraley2v@liteengineering.nl,project-8904,Provincie Friesland,Netherlands
Noell,Stiegars,nstiegars2w,nstiegars2w@liteengineering.nl,project-9674,Provincie Groningen,Netherlands
Arlen,Littler,alittler2x,alittler2x@liteengineering.nl,project-6204,Provincie Limburg,Netherlands
Avis,Stratley,astratley2y,astratley2y@liteengineering.nl,project-6444,Provincie Limburg,Netherlands
Dahlia,Smy,dsmy2z,dsmy2z@liteengineering.nl,project-6224,Provincie Limburg,Netherlands
Hazlett,Hullbrook,hhullbrook30,hhullbrook30@liteengineering.nl,project-8914,Provincie Friesland,Netherlands
Catherine,Tine,ctine31,ctine31@liteengineering.nl,project-6044,Provincie Limburg,Netherlands
Mellisent,Blount,mblount32,mblount32@liteengineering.nl,project-4334,Provincie Zeeland,Netherlands
Jeanelle,Skillitt,jskillitt33,jskillitt33@liteengineering.nl,project-7814,Provincie Drenthe,Netherlands
Teressa,Galloway,tgalloway34,tgalloway34@liteengineering.nl,project-7909,Provincie Drenthe,Netherlands
Querida,Blanche,qblanche35,qblanche35@liteengineering.nl,project-6404,Provincie Limburg,Netherlands
Maury,Gorvin,mgorvin36,mgorvin36@liteengineering.nl,project-6204,Provincie Limburg,Netherlands
Mathew,Alessandone,malessandone37,malessandone37@liteengineering.nl,project-9730,Provincie Groningen,Netherlands
Wilt,Barnson,wbarnson38,wbarnson38@liteengineering.nl,project-6224,Provincie Limburg,Netherlands
Audre,Chittleburgh,achittleburgh39,achittleburgh39@liteengineering.nl,project-7909,Provincie Drenthe,Netherlands
Noach,Bounde,nbounde3a,nbounde3a@liteengineering.nl,project-5904,Provincie Limburg,Netherlands
Bambi,McMeyler,bmcmeyler3b,bmcmeyler3b@liteengineering.nl,project-6404,Provincie Limburg,Netherlands
Leda,Alfonzo,lalfonzo3c,lalfonzo3c@liteengineering.nl,project-6044,Provincie Limburg,Netherlands
Kirk,Acome,kacome3d,kacome3d@liteengineering.nl,project-5924,Provincie Limburg,Netherlands
Oran,Vowells,ovowells3e,ovowells3e@liteengineering.nl,project-6414,Provincie Limburg,Netherlands
Levy,Cullen,lcullen3f,lcullen3f@liteengineering.nl,project-7804,Provincie Drenthe,Netherlands
Brig,Gansbuhler,bgansbuhler3g,bgansbuhler3g@liteengineering.nl,project-9730,Provincie Groningen,Netherlands
